<ResouceCompreConfig>
	<EmoticonLensResouceCompreList>
		<EmoticonLensResouceCompreItem>
			<CopyFromImagePath><![CDATA[/caishenmao/caishenmao_0.png]]></CopyFromImagePath>
			<CopyToImagePath><![CDATA[/caishenmao/caishenmao_1.png]]></CopyToImagePath>
		</EmoticonLensResouceCompreItem>
		<EmoticonLensResouceCompreItem>
			<CopyFromImagePath><![CDATA[/caishenmao/caishenmao_2.png]]></CopyFromImagePath>
			<CopyToImagePath><![CDATA[/caishenmao/caishenmao_4.png]]></CopyToImagePath>
		</EmoticonLensResouceCompreItem>
		<EmoticonLensResouceCompreItem>
			<CopyFromImagePath><![CDATA[/yuanbao/yuanbao_0.png]]></CopyFromImagePath>
			<CopyToImagePath><![CDATA[/yuanbao/yuanbao_6.png]]></CopyToImagePath>
		</EmoticonLensResouceCompreItem>
		<EmoticonLensResouceCompreItem>
			<CopyFromImagePath><![CDATA[/yuanbao/yuanbao_1.png]]></CopyFromImagePath>
			<CopyToImagePath><![CDATA[/yuanbao/yuanbao_7.png]]></CopyToImagePath>
		</EmoticonLensResouceCompreItem>
		<EmoticonLensResouceCompreItem>
			<CopyFromImagePath><![CDATA[/yuanbao/yuanbao_2.png]]></CopyFromImagePath>
			<CopyToImagePath><![CDATA[/yuanbao/yuanbao_8.png]]></CopyToImagePath>
		</EmoticonLensResouceCompreItem>
		<EmoticonLensResouceCompreItem>
			<CopyFromImagePath><![CDATA[/yuanbao/yuanbao_3.png]]></CopyFromImagePath>
			<CopyToImagePath><![CDATA[/yuanbao/yuanbao_9.png]]></CopyToImagePath>
		</EmoticonLensResouceCompreItem>
		<EmoticonLensResouceCompreItem>
			<CopyFromImagePath><![CDATA[/yuanbao/yuanbao_4.png]]></CopyFromImagePath>
			<CopyToImagePath><![CDATA[/yuanbao/yuanbao_10.png]]></CopyToImagePath>
		</EmoticonLensResouceCompreItem>
		<EmoticonLensResouceCompreItem>
			<CopyFromImagePath><![CDATA[/yuanbao/yuanbao_5.png]]></CopyFromImagePath>
			<CopyToImagePath><![CDATA[/yuanbao/yuanbao_11.png]]></CopyToImagePath>
		</EmoticonLensResouceCompreItem>
		<EmoticonLensResouceCompreItem>
			<CopyFromImagePath><![CDATA[/yuanbao/yuanbao_0.png]]></CopyFromImagePath>
			<CopyToImagePath><![CDATA[/yuanbao/yuanbao_12.png]]></CopyToImagePath>
		</EmoticonLensResouceCompreItem>
		<EmoticonLensResouceCompreItem>
			<CopyFromImagePath><![CDATA[/yuanbao/yuanbao_1.png]]></CopyFromImagePath>
			<CopyToImagePath><![CDATA[/yuanbao/yuanbao_13.png]]></CopyToImagePath>
		</EmoticonLensResouceCompreItem>
		<EmoticonLensResouceCompreItem>
			<CopyFromImagePath><![CDATA[/yuanbao/yuanbao_2.png]]></CopyFromImagePath>
			<CopyToImagePath><![CDATA[/yuanbao/yuanbao_14.png]]></CopyToImagePath>
		</EmoticonLensResouceCompreItem>
		<EmoticonLensResouceCompreItem>
			<CopyFromImagePath><![CDATA[/yuanbao/yuanbao_3.png]]></CopyFromImagePath>
			<CopyToImagePath><![CDATA[/yuanbao/yuanbao_15.png]]></CopyToImagePath>
		</EmoticonLensResouceCompreItem>
		<EmoticonLensResouceCompreItem>
			<CopyFromImagePath><![CDATA[/yuanbao/yuanbao_4.png]]></CopyFromImagePath>
			<CopyToImagePath><![CDATA[/yuanbao/yuanbao_16.png]]></CopyToImagePath>
		</EmoticonLensResouceCompreItem>
		<EmoticonLensResouceCompreItem>
			<CopyFromImagePath><![CDATA[/yuanbao/yuanbao_5.png]]></CopyFromImagePath>
			<CopyToImagePath><![CDATA[/yuanbao/yuanbao_17.png]]></CopyToImagePath>
		</EmoticonLensResouceCompreItem>
		<EmoticonLensResouceCompreItem>
			<CopyFromImagePath><![CDATA[/yuanbao/yuanbao_0.png]]></CopyFromImagePath>
			<CopyToImagePath><![CDATA[/yuanbao/yuanbao_18.png]]></CopyToImagePath>
		</EmoticonLensResouceCompreItem>
		<EmoticonLensResouceCompreItem>
			<CopyFromImagePath><![CDATA[/yuanbao/yuanbao_1.png]]></CopyFromImagePath>
			<CopyToImagePath><![CDATA[/yuanbao/yuanbao_19.png]]></CopyToImagePath>
		</EmoticonLensResouceCompreItem>
		<EmoticonLensResouceCompreItem>
			<CopyFromImagePath><![CDATA[/yuanbao/yuanbao_2.png]]></CopyFromImagePath>
			<CopyToImagePath><![CDATA[/yuanbao/yuanbao_20.png]]></CopyToImagePath>
		</EmoticonLensResouceCompreItem>
		<EmoticonLensResouceCompreItem>
			<CopyFromImagePath><![CDATA[/yuanbao/yuanbao_3.png]]></CopyFromImagePath>
			<CopyToImagePath><![CDATA[/yuanbao/yuanbao_21.png]]></CopyToImagePath>
		</EmoticonLensResouceCompreItem>
		<EmoticonLensResouceCompreItem>
			<CopyFromImagePath><![CDATA[/yuanbao/yuanbao_4.png]]></CopyFromImagePath>
			<CopyToImagePath><![CDATA[/yuanbao/yuanbao_22.png]]></CopyToImagePath>
		</EmoticonLensResouceCompreItem>
		<EmoticonLensResouceCompreItem>
			<CopyFromImagePath><![CDATA[/yuanbao/yuanbao_5.png]]></CopyFromImagePath>
			<CopyToImagePath><![CDATA[/yuanbao/yuanbao_23.png]]></CopyToImagePath>
		</EmoticonLensResouceCompreItem>
		<EmoticonLensResouceCompreItem>
			<CopyFromImagePath><![CDATA[/yuanbao/yuanbao_0.png]]></CopyFromImagePath>
			<CopyToImagePath><![CDATA[/yuanbao/yuanbao_24.png]]></CopyToImagePath>
		</EmoticonLensResouceCompreItem>
		<EmoticonLensResouceCompreItem>
			<CopyFromImagePath><![CDATA[/yuanbao/yuanbao_1.png]]></CopyFromImagePath>
			<CopyToImagePath><![CDATA[/yuanbao/yuanbao_25.png]]></CopyToImagePath>
		</EmoticonLensResouceCompreItem>
		<EmoticonLensResouceCompreItem>
			<CopyFromImagePath><![CDATA[/yuanbao/yuanbao_2.png]]></CopyFromImagePath>
			<CopyToImagePath><![CDATA[/yuanbao/yuanbao_26.png]]></CopyToImagePath>
		</EmoticonLensResouceCompreItem>
		<EmoticonLensResouceCompreItem>
			<CopyFromImagePath><![CDATA[/yuanbao/yuanbao_3.png]]></CopyFromImagePath>
			<CopyToImagePath><![CDATA[/yuanbao/yuanbao_27.png]]></CopyToImagePath>
		</EmoticonLensResouceCompreItem>
		<EmoticonLensResouceCompreItem>
			<CopyFromImagePath><![CDATA[/yuanbao/yuanbao_4.png]]></CopyFromImagePath>
			<CopyToImagePath><![CDATA[/yuanbao/yuanbao_28.png]]></CopyToImagePath>
		</EmoticonLensResouceCompreItem>
		<EmoticonLensResouceCompreItem>
			<CopyFromImagePath><![CDATA[/yuanbao/yuanbao_5.png]]></CopyFromImagePath>
			<CopyToImagePath><![CDATA[/yuanbao/yuanbao_29.png]]></CopyToImagePath>
		</EmoticonLensResouceCompreItem>
		<EmoticonLensResouceCompreItem>
			<CopyFromImagePath><![CDATA[/yuanbao/yuanbao_0.png]]></CopyFromImagePath>
			<CopyToImagePath><![CDATA[/yuanbao/yuanbao_30.png]]></CopyToImagePath>
		</EmoticonLensResouceCompreItem>
		<EmoticonLensResouceCompreItem>
			<CopyFromImagePath><![CDATA[/yuanbao/yuanbao_1.png]]></CopyFromImagePath>
			<CopyToImagePath><![CDATA[/yuanbao/yuanbao_31.png]]></CopyToImagePath>
		</EmoticonLensResouceCompreItem>
		<EmoticonLensResouceCompreItem>
			<CopyFromImagePath><![CDATA[/yuanbao/yuanbao_2.png]]></CopyFromImagePath>
			<CopyToImagePath><![CDATA[/yuanbao/yuanbao_32.png]]></CopyToImagePath>
		</EmoticonLensResouceCompreItem>
		<EmoticonLensResouceCompreItem>
			<CopyFromImagePath><![CDATA[/yuanbao/yuanbao_3.png]]></CopyFromImagePath>
			<CopyToImagePath><![CDATA[/yuanbao/yuanbao_33.png]]></CopyToImagePath>
		</EmoticonLensResouceCompreItem>
		<EmoticonLensResouceCompreItem>
			<CopyFromImagePath><![CDATA[/yuanbao/yuanbao_4.png]]></CopyFromImagePath>
			<CopyToImagePath><![CDATA[/yuanbao/yuanbao_34.png]]></CopyToImagePath>
		</EmoticonLensResouceCompreItem>
		<EmoticonLensResouceCompreItem>
			<CopyFromImagePath><![CDATA[/yuanbao/yuanbao_5.png]]></CopyFromImagePath>
			<CopyToImagePath><![CDATA[/yuanbao/yuanbao_35.png]]></CopyToImagePath>
		</EmoticonLensResouceCompreItem>
	</EmoticonLensResouceCompreList>
</ResouceCompreConfig>