<ResouceFileConfig>
	<ResouceFileVersion>1</ResouceFileVersion>
	<EmoticonLensResouceFileList>
		<EmoticonLensResouceItemFile><![CDATA[/video_zhaocaimao.png]]></EmoticonLensResouceItemFile>
		<EmoticonLensResouceItemFile><![CDATA[/Icons_tips_gesture_wave1@3x.png]]></EmoticonLensResouceItemFile>
		<EmoticonLensResouceItemFile><![CDATA[/Icons_tips_gesture_wave1@2x.png]]></EmoticonLensResouceItemFile>
		<EmoticonLensResouceItemFile><![CDATA[/Icons_tips_gesture_wave2@2x.png]]></EmoticonLensResouceItemFile>
		<EmoticonLensResouceItemFile><![CDATA[/Icons_tips_gesture_wave2@3x.png]]></EmoticonLensResouceItemFile>
	</EmoticonLensResouceFileList>
</ResouceFileConfig>