<ResouceCompreConfig>
	<EmoticonLensResouceCompreList>
		<EmoticonLensResouceCompreItem>
			<CopyFromImagePath><![CDATA[/clou/clou_0.png]]></CopyFromImagePath>
			<CopyToImagePath><![CDATA[/clou/clou_1.png]]></CopyToImagePath>
		</EmoticonLensResouceCompreItem>
		<EmoticonLensResouceCompreItem>
			<CopyFromImagePath><![CDATA[/hat/hat_0.png]]></CopyFromImagePath>
			<CopyToImagePath><![CDATA[/hat/hat_1.png]]></CopyToImagePath>
		</EmoticonLensResouceCompreItem>
	</EmoticonLensResouceCompreList>
</ResouceCompreConfig>