<ResouceCompreConfig>
	<EmoticonLensResouceCompreList>
		<EmoticonLensResouceCompreItem>
			<CopyFromImagePath><![CDATA[/beijing/beijing_0.png]]></CopyFromImagePath>
			<CopyToImagePath><![CDATA[/beijing/beijing_1.png]]></CopyToImagePath>
		</EmoticonLensResouceCompreItem>
		<EmoticonLensResouceCompreItem>
			<CopyFromImagePath><![CDATA[/beijing/beijing_6.png]]></CopyFromImagePath>
			<CopyToImagePath><![CDATA[/beijing/beijing_7.png]]></CopyToImagePath>
		</EmoticonLensResouceCompreItem>
		<EmoticonLensResouceCompreItem>
			<CopyFromImagePath><![CDATA[/qianjing/qianjing_0.png]]></CopyFromImagePath>
			<CopyToImagePath><![CDATA[/qianjing/qianjing_1.png]]></CopyToImagePath>
		</EmoticonLensResouceCompreItem>
		<EmoticonLensResouceCompreItem>
			<CopyFromImagePath><![CDATA[/qianjing/qianjing_6.png]]></CopyFromImagePath>
			<CopyToImagePath><![CDATA[/qianjing/qianjing_7.png]]></CopyToImagePath>
		</EmoticonLensResouceCompreItem>
	</EmoticonLensResouceCompreList>
</ResouceCompreConfig>