<ResouceFileConfig>
	<ResouceFileVersion>1</ResouceFileVersion>
	<EmoticonLensResouceFileList>
		<EmoticonLensResouceItemFile><![CDATA[/video_huakaifugui.png]]></EmoticonLensResouceItemFile>
		<EmoticonLensResouceItemFile><![CDATA[/beijing/beijing_0.png]]></EmoticonLensResouceItemFile>
		<EmoticonLensResouceItemFile><![CDATA[/beijing/beijing_1.png]]></EmoticonLensResouceItemFile>
		<EmoticonLensResouceItemFile><![CDATA[/beijing/beijing_2.png]]></EmoticonLensResouceItemFile>
		<EmoticonLensResouceItemFile><![CDATA[/beijing/beijing_3.png]]></EmoticonLensResouceItemFile>
		<EmoticonLensResouceItemFile><![CDATA[/beijing/beijing_4.png]]></EmoticonLensResouceItemFile>
		<EmoticonLensResouceItemFile><![CDATA[/beijing/beijing_5.png]]></EmoticonLensResouceItemFile>
		<EmoticonLensResouceItemFile><![CDATA[/beijing/beijing_6.png]]></EmoticonLensResouceItemFile>
		<EmoticonLensResouceItemFile><![CDATA[/beijing/beijing_7.png]]></EmoticonLensResouceItemFile>
		<EmoticonLensResouceItemFile><![CDATA[/mv.wmc]]></EmoticonLensResouceItemFile>
		<EmoticonLensResouceItemFile><![CDATA[/params.wmc]]></EmoticonLensResouceItemFile>
		<EmoticonLensResouceItemFile><![CDATA[/qianjing/qianjing_0.png]]></EmoticonLensResouceItemFile>
		<EmoticonLensResouceItemFile><![CDATA[/qianjing/qianjing_1.png]]></EmoticonLensResouceItemFile>
		<EmoticonLensResouceItemFile><![CDATA[/qianjing/qianjing_2.png]]></EmoticonLensResouceItemFile>
		<EmoticonLensResouceItemFile><![CDATA[/qianjing/qianjing_3.png]]></EmoticonLensResouceItemFile>
		<EmoticonLensResouceItemFile><![CDATA[/qianjing/qianjing_4.png]]></EmoticonLensResouceItemFile>
		<EmoticonLensResouceItemFile><![CDATA[/qianjing/qianjing_5.png]]></EmoticonLensResouceItemFile>
		<EmoticonLensResouceItemFile><![CDATA[/qianjing/qianjing_6.png]]></EmoticonLensResouceItemFile>
		<EmoticonLensResouceItemFile><![CDATA[/qianjing/qianjing_7.png]]></EmoticonLensResouceItemFile>
	</EmoticonLensResouceFileList>
</ResouceFileConfig>