<ResouceCompreConfig>
	<EmoticonLensResouceCompreList>
		<EmoticonLensResouceCompreItem>
			<CopyFromImagePath><![CDATA[/jinbi/jinbi_0.png]]></CopyFromImagePath>
			<CopyToImagePath><![CDATA[/jinbi/jinbi_7.png]]></CopyToImagePath>
		</EmoticonLensResouceCompreItem>
		<EmoticonLensResouceCompreItem>
			<CopyFromImagePath><![CDATA[/jinbi/jinbi_1.png]]></CopyFromImagePath>
			<CopyToImagePath><![CDATA[/jinbi/jinbi_8.png]]></CopyToImagePath>
		</EmoticonLensResouceCompreItem>
		<EmoticonLensResouceCompreItem>
			<CopyFromImagePath><![CDATA[/jinbi/jinbi_2.png]]></CopyFromImagePath>
			<CopyToImagePath><![CDATA[/jinbi/jinbi_9.png]]></CopyToImagePath>
		</EmoticonLensResouceCompreItem>
		<EmoticonLensResouceCompreItem>
			<CopyFromImagePath><![CDATA[/jinbi/jinbi_3.png]]></CopyFromImagePath>
			<CopyToImagePath><![CDATA[/jinbi/jinbi_10.png]]></CopyToImagePath>
		</EmoticonLensResouceCompreItem>
		<EmoticonLensResouceCompreItem>
			<CopyFromImagePath><![CDATA[/jinbi/jinbi_4.png]]></CopyFromImagePath>
			<CopyToImagePath><![CDATA[/jinbi/jinbi_11.png]]></CopyToImagePath>
		</EmoticonLensResouceCompreItem>
		<EmoticonLensResouceCompreItem>
			<CopyFromImagePath><![CDATA[/jinbi/jinbi_5.png]]></CopyFromImagePath>
			<CopyToImagePath><![CDATA[/jinbi/jinbi_12.png]]></CopyToImagePath>
		</EmoticonLensResouceCompreItem>
		<EmoticonLensResouceCompreItem>
			<CopyFromImagePath><![CDATA[/jinbi/jinbi_6.png]]></CopyFromImagePath>
			<CopyToImagePath><![CDATA[/jinbi/jinbi_13.png]]></CopyToImagePath>
		</EmoticonLensResouceCompreItem>
		<EmoticonLensResouceCompreItem>
			<CopyFromImagePath><![CDATA[/jinbi/jinbi_0.png]]></CopyFromImagePath>
			<CopyToImagePath><![CDATA[/jinbi/jinbi_14.png]]></CopyToImagePath>
		</EmoticonLensResouceCompreItem>
		<EmoticonLensResouceCompreItem>
			<CopyFromImagePath><![CDATA[/jinbi/jinbi_1.png]]></CopyFromImagePath>
			<CopyToImagePath><![CDATA[/jinbi/jinbi_15.png]]></CopyToImagePath>
		</EmoticonLensResouceCompreItem>
		<EmoticonLensResouceCompreItem>
			<CopyFromImagePath><![CDATA[/jinbi/jinbi_2.png]]></CopyFromImagePath>
			<CopyToImagePath><![CDATA[/jinbi/jinbi_16.png]]></CopyToImagePath>
		</EmoticonLensResouceCompreItem>
		<EmoticonLensResouceCompreItem>
			<CopyFromImagePath><![CDATA[/jinbi/jinbi_3.png]]></CopyFromImagePath>
			<CopyToImagePath><![CDATA[/jinbi/jinbi_17.png]]></CopyToImagePath>
		</EmoticonLensResouceCompreItem>
		<EmoticonLensResouceCompreItem>
			<CopyFromImagePath><![CDATA[/jinbi/jinbi_4.png]]></CopyFromImagePath>
			<CopyToImagePath><![CDATA[/jinbi/jinbi_18.png]]></CopyToImagePath>
		</EmoticonLensResouceCompreItem>
		<EmoticonLensResouceCompreItem>
			<CopyFromImagePath><![CDATA[/jinbi/jinbi_5.png]]></CopyFromImagePath>
			<CopyToImagePath><![CDATA[/jinbi/jinbi_19.png]]></CopyToImagePath>
		</EmoticonLensResouceCompreItem>
		<EmoticonLensResouceCompreItem>
			<CopyFromImagePath><![CDATA[/jinbi/jinbi_6.png]]></CopyFromImagePath>
			<CopyToImagePath><![CDATA[/jinbi/jinbi_20.png]]></CopyToImagePath>
		</EmoticonLensResouceCompreItem>
		<EmoticonLensResouceCompreItem>
			<CopyFromImagePath><![CDATA[/jinbi/jinbi_0.png]]></CopyFromImagePath>
			<CopyToImagePath><![CDATA[/jinbi/jinbi_21.png]]></CopyToImagePath>
		</EmoticonLensResouceCompreItem>
		<EmoticonLensResouceCompreItem>
			<CopyFromImagePath><![CDATA[/jinbi/jinbi_1.png]]></CopyFromImagePath>
			<CopyToImagePath><![CDATA[/jinbi/jinbi_22.png]]></CopyToImagePath>
		</EmoticonLensResouceCompreItem>
		<EmoticonLensResouceCompreItem>
			<CopyFromImagePath><![CDATA[/jinbi/jinbi_2.png]]></CopyFromImagePath>
			<CopyToImagePath><![CDATA[/jinbi/jinbi_23.png]]></CopyToImagePath>
		</EmoticonLensResouceCompreItem>
		<EmoticonLensResouceCompreItem>
			<CopyFromImagePath><![CDATA[/jinbi/jinbi_3.png]]></CopyFromImagePath>
			<CopyToImagePath><![CDATA[/jinbi/jinbi_24.png]]></CopyToImagePath>
		</EmoticonLensResouceCompreItem>
		<EmoticonLensResouceCompreItem>
			<CopyFromImagePath><![CDATA[/jinbi/jinbi_4.png]]></CopyFromImagePath>
			<CopyToImagePath><![CDATA[/jinbi/jinbi_25.png]]></CopyToImagePath>
		</EmoticonLensResouceCompreItem>
		<EmoticonLensResouceCompreItem>
			<CopyFromImagePath><![CDATA[/jinbi/jinbi_5.png]]></CopyFromImagePath>
			<CopyToImagePath><![CDATA[/jinbi/jinbi_26.png]]></CopyToImagePath>
		</EmoticonLensResouceCompreItem>
		<EmoticonLensResouceCompreItem>
			<CopyFromImagePath><![CDATA[/jinbi/jinbi_6.png]]></CopyFromImagePath>
			<CopyToImagePath><![CDATA[/jinbi/jinbi_27.png]]></CopyToImagePath>
		</EmoticonLensResouceCompreItem>
		<EmoticonLensResouceCompreItem>
			<CopyFromImagePath><![CDATA[/jinbi/jinbi_0.png]]></CopyFromImagePath>
			<CopyToImagePath><![CDATA[/jinbi/jinbi_28.png]]></CopyToImagePath>
		</EmoticonLensResouceCompreItem>
		<EmoticonLensResouceCompreItem>
			<CopyFromImagePath><![CDATA[/jinbi/jinbi_1.png]]></CopyFromImagePath>
			<CopyToImagePath><![CDATA[/jinbi/jinbi_29.png]]></CopyToImagePath>
		</EmoticonLensResouceCompreItem>
		<EmoticonLensResouceCompreItem>
			<CopyFromImagePath><![CDATA[/jinbi/jinbi_2.png]]></CopyFromImagePath>
			<CopyToImagePath><![CDATA[/jinbi/jinbi_30.png]]></CopyToImagePath>
		</EmoticonLensResouceCompreItem>
		<EmoticonLensResouceCompreItem>
			<CopyFromImagePath><![CDATA[/jinbi/jinbi_3.png]]></CopyFromImagePath>
			<CopyToImagePath><![CDATA[/jinbi/jinbi_31.png]]></CopyToImagePath>
		</EmoticonLensResouceCompreItem>
		<EmoticonLensResouceCompreItem>
			<CopyFromImagePath><![CDATA[/jinbi/jinbi_4.png]]></CopyFromImagePath>
			<CopyToImagePath><![CDATA[/jinbi/jinbi_32.png]]></CopyToImagePath>
		</EmoticonLensResouceCompreItem>
		<EmoticonLensResouceCompreItem>
			<CopyFromImagePath><![CDATA[/jinbi/jinbi_5.png]]></CopyFromImagePath>
			<CopyToImagePath><![CDATA[/jinbi/jinbi_33.png]]></CopyToImagePath>
		</EmoticonLensResouceCompreItem>
		<EmoticonLensResouceCompreItem>
			<CopyFromImagePath><![CDATA[/jinbi/jinbi_6.png]]></CopyFromImagePath>
			<CopyToImagePath><![CDATA[/jinbi/jinbi_34.png]]></CopyToImagePath>
		</EmoticonLensResouceCompreItem>
		<EmoticonLensResouceCompreItem>
			<CopyFromImagePath><![CDATA[/zhaocaimao/zhaocaimao_0.png]]></CopyFromImagePath>
			<CopyToImagePath><![CDATA[/zhaocaimao/zhaocaimao_1.png]]></CopyToImagePath>
		</EmoticonLensResouceCompreItem>
	</EmoticonLensResouceCompreList>
</ResouceCompreConfig>