<EmoticonLensConfig>
    <EmoticonLensList>
        <EmoticonLensItem>
            <EmoticonLensId>com.tencent.xin.lens.resource_god_of_wealth</EmoticonLensId>
            <EmoticonSubtype>1</EmoticonSubtype>
            <EmoticonImageSubtype>10001</EmoticonImageSubtype>
            <EmoticonVersion>1</EmoticonVersion>
            <EmoticonLensName>
                <zh_CN><![CDATA[恭喜发财]]></zh_CN>
                <zh_TW><![CDATA[恭喜發財]]></zh_TW>
                <zh_HK><![CDATA[恭喜發財]]></zh_HK>
                <en><![CDATA[God of Wealth]]></en>
            </EmoticonLensName>
            <EmoticonLensCaption>
                <zh_CN><![CDATA[恭喜发财]]></zh_CN>
                <zh_TW><![CDATA[恭喜發財]]></zh_TW>
                <zh_HK><![CDATA[恭喜發財]]></zh_HK>
                <en><![CDATA[Have a prosperous year]]></en>
            </EmoticonLensCaption>
            <EmoticonLensCaptionColor><![CDATA[#FFCF33]]></EmoticonLensCaptionColor>
            <EmoticonLensHongbaoName>
                <zh_CN><![CDATA[恭喜发财]]></zh_CN>
                <zh_TW><![CDATA[恭喜發財]]></zh_TW>
                <zh_HK><![CDATA[恭喜發財]]></zh_HK>
                <en><![CDATA[God of Wealth]]></en>
            </EmoticonLensHongbaoName>
            <EmoticonLensHongbaoCaption>
                <EmoticonLensTranslationInScenes>
                    <EmoticonLensScenes>3</EmoticonLensScenes>
                    <zh_CN><![CDATA[恭喜发财]]></zh_CN>
                    <zh_TW><![CDATA[恭喜發財]]></zh_TW>
                    <zh_HK><![CDATA[恭喜發財]]></zh_HK>
                    <en><![CDATA[Have a prosperous year]]></en>
                </EmoticonLensTranslationInScenes>
                <EmoticonLensTranslationInScenes>
                    <EmoticonLensScenes>4</EmoticonLensScenes>
                    <zh_CN><![CDATA[恭喜发财]]></zh_CN>
                    <zh_TW><![CDATA[恭喜發財]]></zh_TW>
                    <zh_HK><![CDATA[恭喜發財]]></zh_HK>
                    <en><![CDATA[Have a prosperous year]]></en>
                </EmoticonLensTranslationInScenes>
                <EmoticonLensTranslationInScenes>
                    <EmoticonLensScenes>5</EmoticonLensScenes>
                    <zh_CN><![CDATA[恭喜发财]]></zh_CN>
                    <zh_TW><![CDATA[恭喜發財]]></zh_TW>
                    <zh_HK><![CDATA[恭喜發財]]></zh_HK>
                    <en><![CDATA[Have a prosperous year]]></en>
                </EmoticonLensTranslationInScenes>
            </EmoticonLensHongbaoCaption>
            <EmoticonLensThumbImagePath>video_gongxifacai.png</EmoticonLensThumbImagePath>
            <CanIgnoreBackground>0</CanIgnoreBackground>
            <EmoticonLensTipContent>
                <zh_CN><![CDATA[抱拳拜年有惊喜]]></zh_CN>
                <zh_TW><![CDATA[拱手拜年有驚喜]]></zh_TW>
                <zh_HK><![CDATA[拱手拜年有驚喜]]></zh_HK>
                <en><![CDATA[Salute with one palm wrapping one fist]]></en>
            </EmoticonLensTipContent>
            <EmoticonLensTipImageList>
                <EmoticonLensTipImage>Icons_tips_gesture_Clenchfist1</EmoticonLensTipImage>
                <EmoticonLensTipImage>Icons_tips_gesture_Clenchfist2</EmoticonLensTipImage>
            </EmoticonLensTipImageList>
        </EmoticonLensItem>
        <EmoticonLensItem>
            <EmoticonLensId>com.tencent.xin.lens.resource_lion</EmoticonLensId>
            <EmoticonSubtype>2</EmoticonSubtype>
            <EmoticonImageSubtype>10002</EmoticonImageSubtype>
            <EmoticonVersion>1</EmoticonVersion>
            <EmoticonLensName>
                <zh_CN><![CDATA[新年好]]></zh_CN>
                <zh_TW><![CDATA[新年好]]></zh_TW>
                <zh_HK><![CDATA[新年進步]]></zh_HK>
                <en><![CDATA[Lion Dance]]></en>
            </EmoticonLensName>
            <EmoticonLensCaption>
                <zh_CN><![CDATA[新年好]]></zh_CN>
                <zh_TW><![CDATA[新年好]]></zh_TW>
                <zh_HK><![CDATA[新年進步]]></zh_HK>
                <en><![CDATA[Happy New Year]]></en>
            </EmoticonLensCaption>
            <EmoticonLensCaptionColor><![CDATA[#FFCF33]]></EmoticonLensCaptionColor>
            <EmoticonLensHongbaoName>
                <zh_CN><![CDATA[新年好]]></zh_CN>
                <zh_TW><![CDATA[新年好]]></zh_TW>
                <zh_HK><![CDATA[新年進步]]></zh_HK>
                <en><![CDATA[Lion Dance]]></en>
            </EmoticonLensHongbaoName>
            <EmoticonLensHongbaoCaption>
                <EmoticonLensTranslationInScenes>
                    <EmoticonLensScenes>3</EmoticonLensScenes>
                    <zh_CN><![CDATA[新年好]]></zh_CN>
                    <zh_TW><![CDATA[新年好]]></zh_TW>
                    <zh_HK><![CDATA[新年進步]]></zh_HK>
                    <en><![CDATA[Happy New Year]]></en>
                </EmoticonLensTranslationInScenes>
                <EmoticonLensTranslationInScenes>
                    <EmoticonLensScenes>4</EmoticonLensScenes>
                    <zh_CN><![CDATA[新年好]]></zh_CN>
                    <zh_TW><![CDATA[新年好]]></zh_TW>
                    <zh_HK><![CDATA[新年進步]]></zh_HK>
                    <en><![CDATA[Happy New Year]]></en>
                </EmoticonLensTranslationInScenes>
                <EmoticonLensTranslationInScenes>
                    <EmoticonLensScenes>5</EmoticonLensScenes>
                    <zh_CN><![CDATA[新年好]]></zh_CN>
                    <zh_TW><![CDATA[新年好]]></zh_TW>
                    <zh_HK><![CDATA[新年進步]]></zh_HK>
                    <en><![CDATA[Happy New Year]]></en>
                </EmoticonLensTranslationInScenes>
            </EmoticonLensHongbaoCaption>
            <EmoticonLensThumbImagePath>video_wushi.png</EmoticonLensThumbImagePath>
            <CanIgnoreBackground>0</CanIgnoreBackground>
            <EmoticonLensTipContent>
                <zh_CN><![CDATA[摇摇头有惊喜]]></zh_CN>
                <zh_TW><![CDATA[搖搖頭有驚喜]]></zh_TW>
                <zh_HK><![CDATA[搖搖頭有驚喜]]></zh_HK>
                <en><![CDATA[Shake your head]]></en>
            </EmoticonLensTipContent>
            <EmoticonLensTipImageList>
                <EmoticonLensTipImage>Icons_tips_gesture_Shaking-head1</EmoticonLensTipImage>
                <EmoticonLensTipImage>Icons_tips_gesture_Shaking-head2</EmoticonLensTipImage>
            </EmoticonLensTipImageList>
        </EmoticonLensItem>
        <EmoticonLensItem>
            <EmoticonLensId>com.tencent.xin.lens.resource_tiger</EmoticonLensId>
            <EmoticonSubtype>3</EmoticonSubtype>
            <EmoticonImageSubtype>10003</EmoticonImageSubtype>
            <EmoticonVersion>1</EmoticonVersion>
            <EmoticonLensName>
                <zh_CN><![CDATA[元气满满]]></zh_CN>
                <zh_TW><![CDATA[元氣滿滿]]></zh_TW>
                <zh_HK><![CDATA[元氣滿滿]]></zh_HK>
                <en><![CDATA[Full of Vitality]]></en>
            ></EmoticonLensName>
            <EmoticonLensCaption>
                <zh_CN><![CDATA[元气满满]]></zh_CN>
                <zh_TW><![CDATA[元氣滿滿]]></zh_TW>
                <zh_HK><![CDATA[元氣滿滿]]></zh_HK>
                <en><![CDATA[Full of Vitality]]></en>
            </EmoticonLensCaption>
            <EmoticonLensCaptionColor><![CDATA[#E64340]]></EmoticonLensCaptionColor>
            <EmoticonLensHongbaoName>
                <zh_CN><![CDATA[元气满满]]></zh_CN>
                <zh_TW><![CDATA[元氣滿滿]]></zh_TW>
                <zh_HK><![CDATA[元氣滿滿]]></zh_HK>
                <en><![CDATA[Full of Vitality]]></en>
            </EmoticonLensHongbaoName>
            <EmoticonLensHongbaoCaption>
                <EmoticonLensTranslationInScenes>
                    <EmoticonLensScenes>3</EmoticonLensScenes>
                    <zh_CN><![CDATA[元气满满]]></zh_CN>
                    <zh_TW><![CDATA[元氣滿滿]]></zh_TW>
                    <zh_HK><![CDATA[元氣滿滿]]></zh_HK>
                    <en><![CDATA[Full of Vitality]]></en>
                </EmoticonLensTranslationInScenes>
                <EmoticonLensTranslationInScenes>
                    <EmoticonLensScenes>4</EmoticonLensScenes>
                    <zh_CN><![CDATA[元气满满]]></zh_CN>
                    <zh_TW><![CDATA[元氣滿滿]]></zh_TW>
                    <zh_HK><![CDATA[元氣滿滿]]></zh_HK>
                    <en><![CDATA[Full of Vitality]]></en>
                </EmoticonLensTranslationInScenes>
                <EmoticonLensTranslationInScenes>
                    <EmoticonLensScenes>5</EmoticonLensScenes>
                    <zh_CN><![CDATA[谢谢老板]]></zh_CN>
                    <zh_TW><![CDATA[多謝老闆]]></zh_TW>
                    <zh_HK><![CDATA[多謝老闆]]></zh_HK>
                    <en><![CDATA[Much appreciated]]></en>
                </EmoticonLensTranslationInScenes>
            </EmoticonLensHongbaoCaption>
            <EmoticonLensThumbImagePath>video_tiger.png</EmoticonLensThumbImagePath>
            <CanIgnoreBackground>0</CanIgnoreBackground>
        </EmoticonLensItem>
        <EmoticonLensItem>
            <EmoticonLensId>com.tencent.xin.lens.resource_fortune_cat</EmoticonLensId>
            <EmoticonSubtype>4</EmoticonSubtype>
            <EmoticonImageSubtype>10004</EmoticonImageSubtype>
            <EmoticonVersion>1</EmoticonVersion>
            <EmoticonLensName>
                <zh_CN><![CDATA[招财进宝]]></zh_CN>
                <zh_TW><![CDATA[招財進寶]]></zh_TW>
                <zh_HK><![CDATA[招財進寶]]></zh_HK>
                <en><![CDATA[Lucky Cat]]></en>
            </EmoticonLensName>
            <EmoticonLensCaption>
                <zh_CN><![CDATA[求打赏]]></zh_CN>
                <zh_TW><![CDATA[求打賞]]></zh_TW>
                <zh_HK><![CDATA[求打賞]]></zh_HK>
                <en><![CDATA[Any gift for me?]]></en>
            </EmoticonLensCaption>
            <EmoticonLensCaptionColor><![CDATA[#FFCF33]]></EmoticonLensCaptionColor>
            <EmoticonLensHongbaoName>
                <zh_CN><![CDATA[招财进宝]]></zh_CN>
                <zh_TW><![CDATA[招財進寶]]></zh_TW>
                <zh_HK><![CDATA[招財進寶]]></zh_HK>
                <en><![CDATA[Lucky Cat]]></en>
            </EmoticonLensHongbaoName>
            <EmoticonLensHongbaoCaption>
                <EmoticonLensTranslationInScenes>
                    <EmoticonLensScenes>3</EmoticonLensScenes>
                    <zh_CN><![CDATA[招财进宝]]></zh_CN>
                    <zh_TW><![CDATA[招財進寶]]></zh_TW>
                    <zh_HK><![CDATA[招財進寶]]></zh_HK>
                    <en><![CDATA[Bring in good fortune]]></en>
                </EmoticonLensTranslationInScenes>
                <EmoticonLensTranslationInScenes>
                    <EmoticonLensScenes>4</EmoticonLensScenes>
                    <zh_CN><![CDATA[招财进宝]]></zh_CN>
                    <zh_TW><![CDATA[招財進寶]]></zh_TW>
                    <zh_HK><![CDATA[招財進寶]]></zh_HK>
                    <en><![CDATA[Bring in good fortune]]></en>
                </EmoticonLensTranslationInScenes>
                <EmoticonLensTranslationInScenes>
                    <EmoticonLensScenes>5</EmoticonLensScenes>
                    <zh_CN><![CDATA[谢谢老板]]></zh_CN>
                    <zh_TW><![CDATA[多謝老闆]]></zh_TW>
                    <zh_HK><![CDATA[多謝老闆]]></zh_HK>
                    <en><![CDATA[Much appreciated]]></en>
                </EmoticonLensTranslationInScenes>
            </EmoticonLensHongbaoCaption>
            <EmoticonLensThumbImagePath>video_zhaocaimao.png</EmoticonLensThumbImagePath>
            <CanIgnoreBackground>0</CanIgnoreBackground>
            <EmoticonLensTipContent>
                <zh_CN><![CDATA[单手招财有惊喜]]></zh_CN>
                <zh_TW><![CDATA[單手招財有驚喜]]></zh_TW>
                <zh_HK><![CDATA[單手招財有驚喜]]></zh_HK>
                <en><![CDATA[Raise one 'paw' and wave]]></en>
            </EmoticonLensTipContent>
            <EmoticonLensTipImageList>
                <EmoticonLensTipImage>Icons_tips_gesture_wave1</EmoticonLensTipImage>
                <EmoticonLensTipImage>Icons_tips_gesture_wave2</EmoticonLensTipImage>
            </EmoticonLensTipImageList>
        </EmoticonLensItem>
        <EmoticonLensItem>
            <EmoticonLensId>com.tencent.xin.lens.resource_lucky_money</EmoticonLensId>
            <EmoticonSubtype>5</EmoticonSubtype>
            <EmoticonImageSubtype>10005</EmoticonImageSubtype>
            <EmoticonVersion>1</EmoticonVersion>
            <EmoticonLensName>
                <zh_CN><![CDATA[红包多多]]></zh_CN>
                <zh_TW><![CDATA[紅包多多]]></zh_TW>
                <zh_HK><![CDATA[利是多多]]></zh_HK>
                <en><![CDATA[Red Packet]]></en>
            </EmoticonLensName>
            <EmoticonLensCaption>
                <zh_CN><![CDATA[红包呢？]]></zh_CN>
                <zh_TW><![CDATA[紅包呢？]]></zh_TW>
                <zh_HK><![CDATA[利是呢？]]></zh_HK>
                <en><![CDATA[Where's my Red Packet?]]></en>
            </EmoticonLensCaption>
            <EmoticonLensCaptionColor><![CDATA[#FFCF33]]></EmoticonLensCaptionColor>
            <EmoticonLensHongbaoName>
                <zh_CN><![CDATA[红包来了]]></zh_CN>
                <zh_TW><![CDATA[紅包來了]]></zh_TW>
                <zh_HK><![CDATA[利是來喇]]></zh_HK>
                <en><![CDATA[Red Packet]]></en>
            </EmoticonLensHongbaoName>
            <EmoticonLensHongbaoCaption>
                <EmoticonLensTranslationInScenes>
                    <EmoticonLensScenes>3</EmoticonLensScenes>
                    <zh_CN><![CDATA[红包来了]]></zh_CN>
                    <zh_TW><![CDATA[紅包來了]]></zh_TW>
                    <zh_HK><![CDATA[利是來喇]]></zh_HK>
                    <en><![CDATA[Here's your Red Packet]]></en>
                </EmoticonLensTranslationInScenes>
                <EmoticonLensTranslationInScenes>
                    <EmoticonLensScenes>4</EmoticonLensScenes>
                    <zh_CN><![CDATA[红包来了]]></zh_CN>
                    <zh_TW><![CDATA[紅包來了]]></zh_TW>
                    <zh_HK><![CDATA[利是來喇]]></zh_HK>
                    <en><![CDATA[Here's your Red Packet]]></en>
                </EmoticonLensTranslationInScenes>
                <EmoticonLensTranslationInScenes>
                    <EmoticonLensScenes>5</EmoticonLensScenes>
                    <zh_CN><![CDATA[红包不要停]]></zh_CN>
                    <zh_TW><![CDATA[紅包不要停]]></zh_TW>
                    <zh_HK><![CDATA[紅包不要停]]></zh_HK>
                    <en><![CDATA[Another round?]]></en>
                </EmoticonLensTranslationInScenes>
            </EmoticonLensHongbaoCaption>
            <EmoticonLensThumbImagePath>video_fahongbao.png</EmoticonLensThumbImagePath>
            <CanIgnoreBackground>0</CanIgnoreBackground>
            <EmoticonLensTipContent>
                <zh_CN><![CDATA[比个心有惊喜]]></zh_CN>
                <zh_TW><![CDATA[比個心有驚喜]]></zh_TW>
                <zh_HK><![CDATA[比個心有驚喜]]></zh_HK>
                <en><![CDATA[Make a heart sign]]></en>
            </EmoticonLensTipContent>
            <EmoticonLensTipImageList>
                <EmoticonLensTipImage>Icons_tips_gesture_fingerheart1</EmoticonLensTipImage>
                <EmoticonLensTipImage>Icons_tips_gesture_fingerheart2</EmoticonLensTipImage>
            </EmoticonLensTipImageList>
        </EmoticonLensItem>
        <EmoticonLensItem>
            <EmoticonLensId>com.tencent.xin.lens.resource_new_year</EmoticonLensId>
            <EmoticonSubtype>6</EmoticonSubtype>
            <EmoticonImageSubtype>10006</EmoticonImageSubtype>
            <EmoticonVersion>1</EmoticonVersion>
            <EmoticonLensName>
                <zh_CN><![CDATA[新年快乐]]></zh_CN>
                <zh_TW><![CDATA[新年快樂]]></zh_TW>
                <zh_HK><![CDATA[新年快樂]]></zh_HK>
                <en><![CDATA[Happy New Year]]></en>
            </EmoticonLensName>
            <EmoticonLensCaption>
                <zh_CN><![CDATA[新年快乐]]></zh_CN>
                <zh_TW><![CDATA[新年快樂]]></zh_TW>
                <zh_HK><![CDATA[新年快樂]]></zh_HK>
                <en><![CDATA[Happy New Year]]></en>
            </EmoticonLensCaption>
            <EmoticonLensCaptionColor><![CDATA[#FFCF33]]></EmoticonLensCaptionColor>
            <EmoticonLensHongbaoName>
                <zh_CN><![CDATA[新年快乐]]></zh_CN>
                <zh_TW><![CDATA[新年快樂]]></zh_TW>
                <zh_HK><![CDATA[新年快樂]]></zh_HK>
                <en><![CDATA[Happy New Year]]></en>
            </EmoticonLensHongbaoName>
            <EmoticonLensHongbaoCaption>
                <EmoticonLensTranslationInScenes>
                    <EmoticonLensScenes>3</EmoticonLensScenes>
                    <zh_CN><![CDATA[新年快乐]]></zh_CN>
                    <zh_TW><![CDATA[新年快樂]]></zh_TW>
                    <zh_HK><![CDATA[新年快樂]]></zh_HK>
                    <en><![CDATA[Happy New Year]]></en>
                </EmoticonLensTranslationInScenes>
                <EmoticonLensTranslationInScenes>
                    <EmoticonLensScenes>4</EmoticonLensScenes>
                    <zh_CN><![CDATA[新年快乐]]></zh_CN>
                    <zh_TW><![CDATA[新年快樂]]></zh_TW>
                    <zh_HK><![CDATA[新年快樂]]></zh_HK>
                    <en><![CDATA[Happy New Year]]></en>
                </EmoticonLensTranslationInScenes>
                <EmoticonLensTranslationInScenes>
                    <EmoticonLensScenes>5</EmoticonLensScenes>
                    <zh_CN><![CDATA[新年快乐]]></zh_CN>
                    <zh_TW><![CDATA[新年快樂]]></zh_TW>
                    <zh_HK><![CDATA[新年快樂]]></zh_HK>
                    <en><![CDATA[Happy New Year]]></en>
                </EmoticonLensTranslationInScenes>
            </EmoticonLensHongbaoCaption>
            <EmoticonLensThumbImagePath>video_newyear.png</EmoticonLensThumbImagePath>
            <CanIgnoreBackground>0</CanIgnoreBackground>
        </EmoticonLensItem>
        <EmoticonLensItem>
            <EmoticonLensId>com.tencent.xin.lens.resource_best_wishes</EmoticonLensId>
            <EmoticonSubtype>7</EmoticonSubtype>
            <EmoticonImageSubtype>10007</EmoticonImageSubtype>
            <EmoticonVersion>1</EmoticonVersion>
            <EmoticonLensName>
                <zh_CN><![CDATA[好运连连]]></zh_CN>
                <zh_TW><![CDATA[好運連連]]></zh_TW>
                <zh_HK><![CDATA[好運連連]]></zh_HK>
                <en><![CDATA[Good Fortune]]></en>
            </EmoticonLensName>
            <EmoticonLensCaption>
                <zh_CN><![CDATA[好运连连]]></zh_CN>
                <zh_TW><![CDATA[好運連連]]></zh_TW>
                <zh_HK><![CDATA[好運連連]]></zh_HK>
                <en><![CDATA[Good luck in the year ahead]]></en>
            </EmoticonLensCaption>
            <EmoticonLensCaptionColor><![CDATA[#FFCF33]]></EmoticonLensCaptionColor>
            <EmoticonLensHongbaoName>
                <zh_CN><![CDATA[好运连连]]></zh_CN>
                <zh_TW><![CDATA[好運連連]]></zh_TW>
                <zh_HK><![CDATA[好運連連]]></zh_HK>
                <en><![CDATA[Good Fortune]]></en>
            </EmoticonLensHongbaoName>
            <EmoticonLensHongbaoCaption>
                <EmoticonLensTranslationInScenes>
                    <EmoticonLensScenes>3</EmoticonLensScenes>
                    <zh_CN><![CDATA[好运连连]]></zh_CN>
                    <zh_TW><![CDATA[好運連連]]></zh_TW>
                    <zh_HK><![CDATA[好運連連]]></zh_HK>
                    <en><![CDATA[Good luck in the year ahead]]></en>
                </EmoticonLensTranslationInScenes>
                <EmoticonLensTranslationInScenes>
                    <EmoticonLensScenes>4</EmoticonLensScenes>
                    <zh_CN><![CDATA[好运连连]]></zh_CN>
                    <zh_TW><![CDATA[好運連連]]></zh_TW>
                    <zh_HK><![CDATA[好運連連]]></zh_HK>
                    <en><![CDATA[Good luck in the year ahead]]></en>
                </EmoticonLensTranslationInScenes>
                <EmoticonLensTranslationInScenes>
                    <EmoticonLensScenes>5</EmoticonLensScenes>
                    <zh_CN><![CDATA[手气最佳]]></zh_CN>
                    <zh_TW><![CDATA[手氣最佳]]></zh_TW>
                    <zh_HK><![CDATA[手氣最佳]]></zh_HK>
                    <en><![CDATA[Luckiest Draw]]></en>
                </EmoticonLensTranslationInScenes>  
            </EmoticonLensHongbaoCaption>
            <EmoticonLensThumbImagePath>video_yangchaoyue.png</EmoticonLensThumbImagePath>
            <CanIgnoreBackground>0</CanIgnoreBackground>
        </EmoticonLensItem>
        <EmoticonLensItem>
            <EmoticonLensId>com.tencent.xin.lens.resource_flowers</EmoticonLensId>
            <EmoticonSubtype>8</EmoticonSubtype>
            <EmoticonImageSubtype>10008</EmoticonImageSubtype>
            <EmoticonVersion>1</EmoticonVersion>
            <EmoticonLensName>
                <zh_CN><![CDATA[桃花朵朵]]></zh_CN>
                <zh_TW><![CDATA[桃花朵朵]]></zh_TW>
                <zh_HK><![CDATA[桃花朵朵]]></zh_HK>
                <en><![CDATA[Luck in Love]]></en>
            </EmoticonLensName>
            <EmoticonLensCaption>
                <zh_CN><![CDATA[是心动的感觉]]></zh_CN>
                <zh_TW><![CDATA[是心動的感覺]]></zh_TW>
                <zh_HK><![CDATA[係心動嘅感覺]]></zh_HK>
                <en><![CDATA[Be still, my beating heart]]></en>
            </EmoticonLensCaption>
            <EmoticonLensCaptionColor><![CDATA[#FFCF33]]></EmoticonLensCaptionColor>
            <EmoticonLensHongbaoName>
                <zh_CN><![CDATA[桃花朵朵]]></zh_CN>
                <zh_TW><![CDATA[桃花朵朵]]></zh_TW>
                <zh_HK><![CDATA[桃花朵朵]]></zh_HK>
                <en><![CDATA[Luck in Love]]></en>
            </EmoticonLensHongbaoName>
            <EmoticonLensHongbaoCaption>
                <EmoticonLensTranslationInScenes>
                    <EmoticonLensScenes>3</EmoticonLensScenes>
                    <zh_CN><![CDATA[送你一斤桃花]]></zh_CN>
                    <zh_TW><![CDATA[新年行大運]]></zh_TW>
                    <zh_HK><![CDATA[新年行大運]]></zh_HK>
                    <en><![CDATA[May love find you]]></en>
                </EmoticonLensTranslationInScenes>
                <EmoticonLensTranslationInScenes>
                    <EmoticonLensScenes>4</EmoticonLensScenes>
                    <zh_CN><![CDATA[送你一斤桃花]]></zh_CN>
                    <zh_TW><![CDATA[新年行大運]]></zh_TW>
                    <zh_HK><![CDATA[新年行大運]]></zh_HK>
                    <en><![CDATA[May love find you]]></en>
                </EmoticonLensTranslationInScenes>
                <EmoticonLensTranslationInScenes>
                    <EmoticonLensScenes>5</EmoticonLensScenes>
                    <zh_CN><![CDATA[是心动的感觉]]></zh_CN>
                    <zh_TW><![CDATA[是心動的感覺]]></zh_TW>
                    <zh_HK><![CDATA[係心動嘅感覺]]></zh_HK>
                    <en><![CDATA[Be still, my beating heart]]></en>
                    </EmoticonLensTranslationInScenes>
            </EmoticonLensHongbaoCaption>
            <EmoticonLensThumbImagePath>video_huakaifugui.png</EmoticonLensThumbImagePath>
            <CanIgnoreBackground>0</CanIgnoreBackground>
        </EmoticonLensItem>
        <EmoticonLensItem>
            <EmoticonLensId>com.tencent.xin.lens.resource_kiss</EmoticonLensId>
            <EmoticonSubtype>9</EmoticonSubtype>
            <EmoticonImageSubtype>10009</EmoticonImageSubtype>
            <EmoticonVersion>1</EmoticonVersion>
            <EmoticonLensName>
                <zh_CN><![CDATA[甜甜蜜蜜]]></zh_CN>
                <zh_TW><![CDATA[甜甜蜜蜜]]></zh_TW>
                <zh_HK><![CDATA[甜甜蜜蜜]]></zh_HK>
                <en><![CDATA[Sweet Kiss]]></en>
            </EmoticonLensName>
            <EmoticonLensCaption>
                <zh_CN><![CDATA[么么哒]]></zh_CN>
                <zh_TW><![CDATA[愛你喔]]></zh_TW>
                <zh_HK><![CDATA[錫晒你]]></zh_HK>
                <en><![CDATA[Hugs and kisses]]></en>
            </EmoticonLensCaption>
            <EmoticonLensCaptionColor><![CDATA[#FDCBCB]]></EmoticonLensCaptionColor>
            <EmoticonLensHongbaoName>
                <zh_CN><![CDATA[甜甜蜜蜜]]></zh_CN>
                <zh_TW><![CDATA[甜甜蜜蜜]]></zh_TW>
                <zh_HK><![CDATA[甜甜蜜蜜]]></zh_HK>
                <en><![CDATA[Sweet Kiss]]></en>
            </EmoticonLensHongbaoName>
            <EmoticonLensHongbaoCaption>
                <EmoticonLensTranslationInScenes>
                    <EmoticonLensScenes>3</EmoticonLensScenes>
                     <zh_CN><![CDATA[么么哒]]></zh_CN>
                    <zh_TW><![CDATA[愛你喔]]></zh_TW>
                    <zh_HK><![CDATA[錫晒你]]></zh_HK>
                    <en><![CDATA[Hugs and kisses]]></en>
                </EmoticonLensTranslationInScenes>
                <EmoticonLensTranslationInScenes>
                    <EmoticonLensScenes>4</EmoticonLensScenes>
                     <zh_CN><![CDATA[么么哒]]></zh_CN>
                    <zh_TW><![CDATA[愛你喔]]></zh_TW>
                    <zh_HK><![CDATA[錫晒你]]></zh_HK>
                    <en><![CDATA[Hugs and kisses]]></en>
                </EmoticonLensTranslationInScenes>
                <EmoticonLensTranslationInScenes>
                    <EmoticonLensScenes>5</EmoticonLensScenes>
                     <zh_CN><![CDATA[么么哒]]></zh_CN>
                    <zh_TW><![CDATA[愛你喔]]></zh_TW>
                    <zh_HK><![CDATA[錫晒你]]></zh_HK>
                    <en><![CDATA[Hugs and kisses]]></en>
                </EmoticonLensTranslationInScenes>
            </EmoticonLensHongbaoCaption>
            <EmoticonLensThumbImagePath>video_lipkiss.png</EmoticonLensThumbImagePath>
            <CanIgnoreBackground>0</CanIgnoreBackground>
            <EmoticonLensTipContent>
                <zh_CN><![CDATA[嘟个嘴有惊喜]]></zh_CN>
                <zh_TW><![CDATA[嘟個嘴有驚喜]]></zh_TW>
                <zh_HK><![CDATA[嘟個嘴有驚喜]]></zh_HK>
                <en><![CDATA[Pucker your lips]]></en>
            </EmoticonLensTipContent>
            <EmoticonLensTipImageList>
                <EmoticonLensTipImage>Icons_tips_gesture_pout1</EmoticonLensTipImage>
                <EmoticonLensTipImage>Icons_tips_gesture_pout2</EmoticonLensTipImage>
            </EmoticonLensTipImageList>
        </EmoticonLensItem>
    </EmoticonLensList>
</EmoticonLensConfig>
