<ResouceCompreConfig>
	<EmoticonLensResouceCompreList>
		<EmoticonLensResouceCompreItem>
			<CopyFromImagePath><![CDATA[/bg/bg_0.png]]></CopyFromImagePath>
			<CopyToImagePath><![CDATA[/bg/bg_1.png]]></CopyToImagePath>
		</EmoticonLensResouceCompreItem>
		<EmoticonLensResouceCompreItem>
			<CopyFromImagePath><![CDATA[/bg/bg_3.png]]></CopyFromImagePath>
			<CopyToImagePath><![CDATA[/bg/bg_5.png]]></CopyToImagePath>
		</EmoticonLensResouceCompreItem>
		<EmoticonLensResouceCompreItem>
			<CopyFromImagePath><![CDATA[/bg/bg_0.png]]></CopyFromImagePath>
			<CopyToImagePath><![CDATA[/bg/bg_7.png]]></CopyToImagePath>
		</EmoticonLensResouceCompreItem>
		<EmoticonLensResouceCompreItem>
			<CopyFromImagePath><![CDATA[/bg/bg_0.png]]></CopyFromImagePath>
			<CopyToImagePath><![CDATA[/bg/bg_8.png]]></CopyToImagePath>
		</EmoticonLensResouceCompreItem>
	</EmoticonLensResouceCompreList>
</ResouceCompreConfig>