<ResouceCompreConfig>
	<EmoticonLensResouceCompreList>
		<EmoticonLensResouceCompreItem>
			<CopyFromImagePath><![CDATA[/head/head_0.png]]></CopyFromImagePath>
			<CopyToImagePath><![CDATA[/head/head_1.png]]></CopyToImagePath>
		</EmoticonLensResouceCompreItem>
		<EmoticonLensResouceCompreItem>
			<CopyFromImagePath><![CDATA[/ribbon/ribbon_0.png]]></CopyFromImagePath>
			<CopyToImagePath><![CDATA[/ribbon/ribbon_1.png]]></CopyToImagePath>
		</EmoticonLensResouceCompreItem>
		<EmoticonLensResouceCompreItem>
			<CopyFromImagePath><![CDATA[/ribbon/ribbon_0.png]]></CopyFromImagePath>
			<CopyToImagePath><![CDATA[/ribbon/ribbon_6.png]]></CopyToImagePath>
		</EmoticonLensResouceCompreItem>
		<EmoticonLensResouceCompreItem>
			<CopyFromImagePath><![CDATA[/ribbon/ribbon_0.png]]></CopyFromImagePath>
			<CopyToImagePath><![CDATA[/ribbon/ribbon_7.png]]></CopyToImagePath>
		</EmoticonLensResouceCompreItem>
		<EmoticonLensResouceCompreItem>
			<CopyFromImagePath><![CDATA[/ribbon/ribbon_2.png]]></CopyFromImagePath>
			<CopyToImagePath><![CDATA[/ribbon/ribbon_8.png]]></CopyToImagePath>
		</EmoticonLensResouceCompreItem>
		<EmoticonLensResouceCompreItem>
			<CopyFromImagePath><![CDATA[/ribbon/ribbon_3.png]]></CopyFromImagePath>
			<CopyToImagePath><![CDATA[/ribbon/ribbon_9.png]]></CopyToImagePath>
		</EmoticonLensResouceCompreItem>
		<EmoticonLensResouceCompreItem>
			<CopyFromImagePath><![CDATA[/ribbon/ribbon_4.png]]></CopyFromImagePath>
			<CopyToImagePath><![CDATA[/ribbon/ribbon_10.png]]></CopyToImagePath>
		</EmoticonLensResouceCompreItem>
		<EmoticonLensResouceCompreItem>
			<CopyFromImagePath><![CDATA[/ribbon/ribbon_5.png]]></CopyFromImagePath>
			<CopyToImagePath><![CDATA[/ribbon/ribbon_11.png]]></CopyToImagePath>
		</EmoticonLensResouceCompreItem>
		<EmoticonLensResouceCompreItem>
			<CopyFromImagePath><![CDATA[/ribbon/ribbon_0.png]]></CopyFromImagePath>
			<CopyToImagePath><![CDATA[/ribbon/ribbon_12.png]]></CopyToImagePath>
		</EmoticonLensResouceCompreItem>
		<EmoticonLensResouceCompreItem>
			<CopyFromImagePath><![CDATA[/ribbon/ribbon_0.png]]></CopyFromImagePath>
			<CopyToImagePath><![CDATA[/ribbon/ribbon_13.png]]></CopyToImagePath>
		</EmoticonLensResouceCompreItem>
		<EmoticonLensResouceCompreItem>
			<CopyFromImagePath><![CDATA[/ribbon/ribbon_2.png]]></CopyFromImagePath>
			<CopyToImagePath><![CDATA[/ribbon/ribbon_14.png]]></CopyToImagePath>
		</EmoticonLensResouceCompreItem>
		<EmoticonLensResouceCompreItem>
			<CopyFromImagePath><![CDATA[/ribbon/ribbon_3.png]]></CopyFromImagePath>
			<CopyToImagePath><![CDATA[/ribbon/ribbon_15.png]]></CopyToImagePath>
		</EmoticonLensResouceCompreItem>
		<EmoticonLensResouceCompreItem>
			<CopyFromImagePath><![CDATA[/ribbon/ribbon_4.png]]></CopyFromImagePath>
			<CopyToImagePath><![CDATA[/ribbon/ribbon_16.png]]></CopyToImagePath>
		</EmoticonLensResouceCompreItem>
		<EmoticonLensResouceCompreItem>
			<CopyFromImagePath><![CDATA[/ribbon/ribbon_5.png]]></CopyFromImagePath>
			<CopyToImagePath><![CDATA[/ribbon/ribbon_17.png]]></CopyToImagePath>
		</EmoticonLensResouceCompreItem>
		<EmoticonLensResouceCompreItem>
			<CopyFromImagePath><![CDATA[/ribbon/ribbon_0.png]]></CopyFromImagePath>
			<CopyToImagePath><![CDATA[/ribbon/ribbon_18.png]]></CopyToImagePath>
		</EmoticonLensResouceCompreItem>
		<EmoticonLensResouceCompreItem>
			<CopyFromImagePath><![CDATA[/ribbon/ribbon_0.png]]></CopyFromImagePath>
			<CopyToImagePath><![CDATA[/ribbon/ribbon_19.png]]></CopyToImagePath>
		</EmoticonLensResouceCompreItem>
		<EmoticonLensResouceCompreItem>
			<CopyFromImagePath><![CDATA[/ribbon/ribbon_2.png]]></CopyFromImagePath>
			<CopyToImagePath><![CDATA[/ribbon/ribbon_20.png]]></CopyToImagePath>
		</EmoticonLensResouceCompreItem>
		<EmoticonLensResouceCompreItem>
			<CopyFromImagePath><![CDATA[/ribbon/ribbon_3.png]]></CopyFromImagePath>
			<CopyToImagePath><![CDATA[/ribbon/ribbon_21.png]]></CopyToImagePath>
		</EmoticonLensResouceCompreItem>
		<EmoticonLensResouceCompreItem>
			<CopyFromImagePath><![CDATA[/ribbon/ribbon_4.png]]></CopyFromImagePath>
			<CopyToImagePath><![CDATA[/ribbon/ribbon_22.png]]></CopyToImagePath>
		</EmoticonLensResouceCompreItem>
		<EmoticonLensResouceCompreItem>
			<CopyFromImagePath><![CDATA[/ribbon/ribbon_5.png]]></CopyFromImagePath>
			<CopyToImagePath><![CDATA[/ribbon/ribbon_23.png]]></CopyToImagePath>
		</EmoticonLensResouceCompreItem>
	</EmoticonLensResouceCompreList>
</ResouceCompreConfig>