<ResouceCompreConfig>
	<EmoticonLensResouceCompreList>
		<EmoticonLensResouceCompreItem>
			<CopyFromImagePath><![CDATA[/aixin/aixin_0.png]]></CopyFromImagePath>
			<CopyToImagePath><![CDATA[/aixin/aixin_1.png]]></CopyToImagePath>
		</EmoticonLensResouceCompreItem>
		<EmoticonLensResouceCompreItem>
			<CopyFromImagePath><![CDATA[/aixin/aixin_2.png]]></CopyFromImagePath>
			<CopyToImagePath><![CDATA[/aixin/aixin_3.png]]></CopyToImagePath>
		</EmoticonLensResouceCompreItem>
		<EmoticonLensResouceCompreItem>
			<CopyFromImagePath><![CDATA[/aixin/aixin_4.png]]></CopyFromImagePath>
			<CopyToImagePath><![CDATA[/aixin/aixin_5.png]]></CopyToImagePath>
		</EmoticonLensResouceCompreItem>
		<EmoticonLensResouceCompreItem>
			<CopyFromImagePath><![CDATA[/aixin/aixin_6.png]]></CopyFromImagePath>
			<CopyToImagePath><![CDATA[/aixin/aixin_7.png]]></CopyToImagePath>
		</EmoticonLensResouceCompreItem>
		<EmoticonLensResouceCompreItem>
			<CopyFromImagePath><![CDATA[/aixin/aixin_8.png]]></CopyFromImagePath>
			<CopyToImagePath><![CDATA[/aixin/aixin_9.png]]></CopyToImagePath>
		</EmoticonLensResouceCompreItem>
		<EmoticonLensResouceCompreItem>
			<CopyFromImagePath><![CDATA[/aixin/aixin_10.png]]></CopyFromImagePath>
			<CopyToImagePath><![CDATA[/aixin/aixin_11.png]]></CopyToImagePath>
		</EmoticonLensResouceCompreItem>
		<EmoticonLensResouceCompreItem>
			<CopyFromImagePath><![CDATA[/aixin/aixin_12.png]]></CopyFromImagePath>
			<CopyToImagePath><![CDATA[/aixin/aixin_13.png]]></CopyToImagePath>
		</EmoticonLensResouceCompreItem>
		<EmoticonLensResouceCompreItem>
			<CopyFromImagePath><![CDATA[/aixin/aixin_14.png]]></CopyFromImagePath>
			<CopyToImagePath><![CDATA[/aixin/aixin_15.png]]></CopyToImagePath>
		</EmoticonLensResouceCompreItem>
		<EmoticonLensResouceCompreItem>
			<CopyFromImagePath><![CDATA[/aixin/aixin_16.png]]></CopyFromImagePath>
			<CopyToImagePath><![CDATA[/aixin/aixin_17.png]]></CopyToImagePath>
		</EmoticonLensResouceCompreItem>
		<EmoticonLensResouceCompreItem>
			<CopyFromImagePath><![CDATA[/aixin/aixin_18.png]]></CopyFromImagePath>
			<CopyToImagePath><![CDATA[/aixin/aixin_19.png]]></CopyToImagePath>
		</EmoticonLensResouceCompreItem>
		<EmoticonLensResouceCompreItem>
			<CopyFromImagePath><![CDATA[/zuichun/zuichun_0.png]]></CopyFromImagePath>
			<CopyToImagePath><![CDATA[/zuichun/zuichun_1.png]]></CopyToImagePath>
		</EmoticonLensResouceCompreItem>
		<EmoticonLensResouceCompreItem>
			<CopyFromImagePath><![CDATA[/zuichun/zuichun_2.png]]></CopyFromImagePath>
			<CopyToImagePath><![CDATA[/zuichun/zuichun_3.png]]></CopyToImagePath>
		</EmoticonLensResouceCompreItem>
		<EmoticonLensResouceCompreItem>
			<CopyFromImagePath><![CDATA[/zuichun/zuichun_4.png]]></CopyFromImagePath>
			<CopyToImagePath><![CDATA[/zuichun/zuichun_5.png]]></CopyToImagePath>
		</EmoticonLensResouceCompreItem>
		<EmoticonLensResouceCompreItem>
			<CopyFromImagePath><![CDATA[/zuichun/zuichun_6.png]]></CopyFromImagePath>
			<CopyToImagePath><![CDATA[/zuichun/zuichun_7.png]]></CopyToImagePath>
		</EmoticonLensResouceCompreItem>
		<EmoticonLensResouceCompreItem>
			<CopyFromImagePath><![CDATA[/zuichun/zuichun_8.png]]></CopyFromImagePath>
			<CopyToImagePath><![CDATA[/zuichun/zuichun_9.png]]></CopyToImagePath>
		</EmoticonLensResouceCompreItem>
		<EmoticonLensResouceCompreItem>
			<CopyFromImagePath><![CDATA[/zuichun/zuichun_10.png]]></CopyFromImagePath>
			<CopyToImagePath><![CDATA[/zuichun/zuichun_11.png]]></CopyToImagePath>
		</EmoticonLensResouceCompreItem>
		<EmoticonLensResouceCompreItem>
			<CopyFromImagePath><![CDATA[/zuichun/zuichun_12.png]]></CopyFromImagePath>
			<CopyToImagePath><![CDATA[/zuichun/zuichun_13.png]]></CopyToImagePath>
		</EmoticonLensResouceCompreItem>
		<EmoticonLensResouceCompreItem>
			<CopyFromImagePath><![CDATA[/zuichun/zuichun_14.png]]></CopyFromImagePath>
			<CopyToImagePath><![CDATA[/zuichun/zuichun_15.png]]></CopyToImagePath>
		</EmoticonLensResouceCompreItem>
		<EmoticonLensResouceCompreItem>
			<CopyFromImagePath><![CDATA[/zuichun/zuichun_14.png]]></CopyFromImagePath>
			<CopyToImagePath><![CDATA[/zuichun/zuichun_16.png]]></CopyToImagePath>
		</EmoticonLensResouceCompreItem>
		<EmoticonLensResouceCompreItem>
			<CopyFromImagePath><![CDATA[/zuichun/zuichun_14.png]]></CopyFromImagePath>
			<CopyToImagePath><![CDATA[/zuichun/zuichun_17.png]]></CopyToImagePath>
		</EmoticonLensResouceCompreItem>
		<EmoticonLensResouceCompreItem>
			<CopyFromImagePath><![CDATA[/zuichun/zuichun_14.png]]></CopyFromImagePath>
			<CopyToImagePath><![CDATA[/zuichun/zuichun_18.png]]></CopyToImagePath>
		</EmoticonLensResouceCompreItem>
		<EmoticonLensResouceCompreItem>
			<CopyFromImagePath><![CDATA[/zuichun/zuichun_14.png]]></CopyFromImagePath>
			<CopyToImagePath><![CDATA[/zuichun/zuichun_19.png]]></CopyToImagePath>
		</EmoticonLensResouceCompreItem>
	</EmoticonLensResouceCompreList>
</ResouceCompreConfig>