<ResouceFileConfig>
	<ResouceFileVersion>1</ResouceFileVersion>
	<EmoticonLensResouceFileList>
		<EmoticonLensResouceItemFile><![CDATA[/video_lipkiss.png]]></EmoticonLensResouceItemFile>
		<EmoticonLensResouceItemFile><![CDATA[/Icons_tips_gesture_pout1@3x.png]]></EmoticonLensResouceItemFile>
		<EmoticonLensResouceItemFile><![CDATA[/Icons_tips_gesture_pout1@2x.png]]></EmoticonLensResouceItemFile>
		<EmoticonLensResouceItemFile><![CDATA[/Icons_tips_gesture_pout2@2x.png]]></EmoticonLensResouceItemFile>
		<EmoticonLensResouceItemFile><![CDATA[/Icons_tips_gesture_pout2@3x.png]]></EmoticonLensResouceItemFile>
	</EmoticonLensResouceFileList>
</ResouceFileConfig>