<ResouceFileConfig>
	<ResouceFileVersion>1</ResouceFileVersion>
	<EmoticonLensResouceFileList>
		<EmoticonLensResouceItemFile><![CDATA[/video_fahongbao.png]]></EmoticonLensResouceItemFile>
		<EmoticonLensResouceItemFile><![CDATA[/empty/empty_0.png]]></EmoticonLensResouceItemFile>
		<EmoticonLensResouceItemFile><![CDATA[/fahongbao/fahongbao_0.png]]></EmoticonLensResouceItemFile>
		<EmoticonLensResouceItemFile><![CDATA[/fahongbao/fahongbao_1.png]]></EmoticonLensResouceItemFile>
		<EmoticonLensResouceItemFile><![CDATA[/fahongbao/fahongbao_2.png]]></EmoticonLensResouceItemFile>
		<EmoticonLensResouceItemFile><![CDATA[/fahongbao/fahongbao_3.png]]></EmoticonLensResouceItemFile>
		<EmoticonLensResouceItemFile><![CDATA[/fahongbao/fahongbao_4.png]]></EmoticonLensResouceItemFile>
		<EmoticonLensResouceItemFile><![CDATA[/fahongbao/fahongbao_5.png]]></EmoticonLensResouceItemFile>
		<EmoticonLensResouceItemFile><![CDATA[/fahongbao/fahongbao_6.png]]></EmoticonLensResouceItemFile>
		<EmoticonLensResouceItemFile><![CDATA[/fahongbao/fahongbao_7.png]]></EmoticonLensResouceItemFile>
		<EmoticonLensResouceItemFile><![CDATA[/fahongbao/fahongbao_8.png]]></EmoticonLensResouceItemFile>
		<EmoticonLensResouceItemFile><![CDATA[/fahongbao/fahongbao_9.png]]></EmoticonLensResouceItemFile>
		<EmoticonLensResouceItemFile><![CDATA[/fahongbao/fahongbao_10.png]]></EmoticonLensResouceItemFile>
		<EmoticonLensResouceItemFile><![CDATA[/fahongbao/fahongbao_11.png]]></EmoticonLensResouceItemFile>
		<EmoticonLensResouceItemFile><![CDATA[/fahongbao/fahongbao_12.png]]></EmoticonLensResouceItemFile>
		<EmoticonLensResouceItemFile><![CDATA[/fahongbao/fahongbao_13.png]]></EmoticonLensResouceItemFile>
		<EmoticonLensResouceItemFile><![CDATA[/fahongbao/fahongbao_14.png]]></EmoticonLensResouceItemFile>
		<EmoticonLensResouceItemFile><![CDATA[/fahongbao/fahongbao_15.png]]></EmoticonLensResouceItemFile>
		<EmoticonLensResouceItemFile><![CDATA[/fahongbao/fahongbao_16.png]]></EmoticonLensResouceItemFile>
		<EmoticonLensResouceItemFile><![CDATA[/fahongbao/fahongbao_17.png]]></EmoticonLensResouceItemFile>
		<EmoticonLensResouceItemFile><![CDATA[/fahongbao/fahongbao_18.png]]></EmoticonLensResouceItemFile>
		<EmoticonLensResouceItemFile><![CDATA[/fahongbao/fahongbao_19.png]]></EmoticonLensResouceItemFile>
		<EmoticonLensResouceItemFile><![CDATA[/fahongbao/fahongbao_20.png]]></EmoticonLensResouceItemFile>
		<EmoticonLensResouceItemFile><![CDATA[/fahongbao/fahongbao_21.png]]></EmoticonLensResouceItemFile>
		<EmoticonLensResouceItemFile><![CDATA[/fahongbao/fahongbao_22.png]]></EmoticonLensResouceItemFile>
		<EmoticonLensResouceItemFile><![CDATA[/fahongbao/fahongbao_23.png]]></EmoticonLensResouceItemFile>
		<EmoticonLensResouceItemFile><![CDATA[/fahongbao/fahongbao_24.png]]></EmoticonLensResouceItemFile>
		<EmoticonLensResouceItemFile><![CDATA[/fahongbao/fahongbao_25.png]]></EmoticonLensResouceItemFile>
		<EmoticonLensResouceItemFile><![CDATA[/fahongbao/fahongbao_26.png]]></EmoticonLensResouceItemFile>
		<EmoticonLensResouceItemFile><![CDATA[/fahongbao/fahongbao_27.png]]></EmoticonLensResouceItemFile>
		<EmoticonLensResouceItemFile><![CDATA[/fahongbao/fahongbao_28.png]]></EmoticonLensResouceItemFile>
		<EmoticonLensResouceItemFile><![CDATA[/fahongbao/fahongbao_29.png]]></EmoticonLensResouceItemFile>
		<EmoticonLensResouceItemFile><![CDATA[/mv.wmc]]></EmoticonLensResouceItemFile>
		<EmoticonLensResouceItemFile><![CDATA[/params.wmc]]></EmoticonLensResouceItemFile>
	</EmoticonLensResouceFileList>
</ResouceFileConfig>