<ResouceCompreConfig>
	<EmoticonLensResouceCompreList>
		<EmoticonLensResouceCompreItem>
			<CopyFromImagePath><![CDATA[/fahongbao/fahongbao_0.png]]></CopyFromImagePath>
			<CopyToImagePath><![CDATA[/fahongbao/fahongbao_3.png]]></CopyToImagePath>
		</EmoticonLensResouceCompreItem>
		<EmoticonLensResouceCompreItem>
			<CopyFromImagePath><![CDATA[/fahongbao/fahongbao_1.png]]></CopyFromImagePath>
			<CopyToImagePath><![CDATA[/fahongbao/fahongbao_4.png]]></CopyToImagePath>
		</EmoticonLensResouceCompreItem>
		<EmoticonLensResouceCompreItem>
			<CopyFromImagePath><![CDATA[/fahongbao/fahongbao_2.png]]></CopyFromImagePath>
			<CopyToImagePath><![CDATA[/fahongbao/fahongbao_5.png]]></CopyToImagePath>
		</EmoticonLensResouceCompreItem>
		<EmoticonLensResouceCompreItem>
			<CopyFromImagePath><![CDATA[/fahongbao/fahongbao_6.png]]></CopyFromImagePath>
			<CopyToImagePath><![CDATA[/fahongbao/fahongbao_9.png]]></CopyToImagePath>
		</EmoticonLensResouceCompreItem>
		<EmoticonLensResouceCompreItem>
			<CopyFromImagePath><![CDATA[/fahongbao/fahongbao_7.png]]></CopyFromImagePath>
			<CopyToImagePath><![CDATA[/fahongbao/fahongbao_10.png]]></CopyToImagePath>
		</EmoticonLensResouceCompreItem>
		<EmoticonLensResouceCompreItem>
			<CopyFromImagePath><![CDATA[/fahongbao/fahongbao_8.png]]></CopyFromImagePath>
			<CopyToImagePath><![CDATA[/fahongbao/fahongbao_11.png]]></CopyToImagePath>
		</EmoticonLensResouceCompreItem>
		<EmoticonLensResouceCompreItem>
			<CopyFromImagePath><![CDATA[/fahongbao/fahongbao_6.png]]></CopyFromImagePath>
			<CopyToImagePath><![CDATA[/fahongbao/fahongbao_12.png]]></CopyToImagePath>
		</EmoticonLensResouceCompreItem>
		<EmoticonLensResouceCompreItem>
			<CopyFromImagePath><![CDATA[/fahongbao/fahongbao_7.png]]></CopyFromImagePath>
			<CopyToImagePath><![CDATA[/fahongbao/fahongbao_13.png]]></CopyToImagePath>
		</EmoticonLensResouceCompreItem>
		<EmoticonLensResouceCompreItem>
			<CopyFromImagePath><![CDATA[/fahongbao/fahongbao_8.png]]></CopyFromImagePath>
			<CopyToImagePath><![CDATA[/fahongbao/fahongbao_14.png]]></CopyToImagePath>
		</EmoticonLensResouceCompreItem>
		<EmoticonLensResouceCompreItem>
			<CopyFromImagePath><![CDATA[/fahongbao/fahongbao_6.png]]></CopyFromImagePath>
			<CopyToImagePath><![CDATA[/fahongbao/fahongbao_15.png]]></CopyToImagePath>
		</EmoticonLensResouceCompreItem>
		<EmoticonLensResouceCompreItem>
			<CopyFromImagePath><![CDATA[/fahongbao/fahongbao_7.png]]></CopyFromImagePath>
			<CopyToImagePath><![CDATA[/fahongbao/fahongbao_16.png]]></CopyToImagePath>
		</EmoticonLensResouceCompreItem>
		<EmoticonLensResouceCompreItem>
			<CopyFromImagePath><![CDATA[/fahongbao/fahongbao_8.png]]></CopyFromImagePath>
			<CopyToImagePath><![CDATA[/fahongbao/fahongbao_17.png]]></CopyToImagePath>
		</EmoticonLensResouceCompreItem>
		<EmoticonLensResouceCompreItem>
			<CopyFromImagePath><![CDATA[/fahongbao/fahongbao_6.png]]></CopyFromImagePath>
			<CopyToImagePath><![CDATA[/fahongbao/fahongbao_18.png]]></CopyToImagePath>
		</EmoticonLensResouceCompreItem>
		<EmoticonLensResouceCompreItem>
			<CopyFromImagePath><![CDATA[/fahongbao/fahongbao_7.png]]></CopyFromImagePath>
			<CopyToImagePath><![CDATA[/fahongbao/fahongbao_19.png]]></CopyToImagePath>
		</EmoticonLensResouceCompreItem>
		<EmoticonLensResouceCompreItem>
			<CopyFromImagePath><![CDATA[/fahongbao/fahongbao_8.png]]></CopyFromImagePath>
			<CopyToImagePath><![CDATA[/fahongbao/fahongbao_20.png]]></CopyToImagePath>
		</EmoticonLensResouceCompreItem>
		<EmoticonLensResouceCompreItem>
			<CopyFromImagePath><![CDATA[/fahongbao/fahongbao_6.png]]></CopyFromImagePath>
			<CopyToImagePath><![CDATA[/fahongbao/fahongbao_21.png]]></CopyToImagePath>
		</EmoticonLensResouceCompreItem>
		<EmoticonLensResouceCompreItem>
			<CopyFromImagePath><![CDATA[/fahongbao/fahongbao_7.png]]></CopyFromImagePath>
			<CopyToImagePath><![CDATA[/fahongbao/fahongbao_22.png]]></CopyToImagePath>
		</EmoticonLensResouceCompreItem>
		<EmoticonLensResouceCompreItem>
			<CopyFromImagePath><![CDATA[/fahongbao/fahongbao_8.png]]></CopyFromImagePath>
			<CopyToImagePath><![CDATA[/fahongbao/fahongbao_23.png]]></CopyToImagePath>
		</EmoticonLensResouceCompreItem>
		<EmoticonLensResouceCompreItem>
			<CopyFromImagePath><![CDATA[/fahongbao/fahongbao_6.png]]></CopyFromImagePath>
			<CopyToImagePath><![CDATA[/fahongbao/fahongbao_24.png]]></CopyToImagePath>
		</EmoticonLensResouceCompreItem>
		<EmoticonLensResouceCompreItem>
			<CopyFromImagePath><![CDATA[/fahongbao/fahongbao_7.png]]></CopyFromImagePath>
			<CopyToImagePath><![CDATA[/fahongbao/fahongbao_25.png]]></CopyToImagePath>
		</EmoticonLensResouceCompreItem>
		<EmoticonLensResouceCompreItem>
			<CopyFromImagePath><![CDATA[/fahongbao/fahongbao_8.png]]></CopyFromImagePath>
			<CopyToImagePath><![CDATA[/fahongbao/fahongbao_26.png]]></CopyToImagePath>
		</EmoticonLensResouceCompreItem>
		<EmoticonLensResouceCompreItem>
			<CopyFromImagePath><![CDATA[/fahongbao/fahongbao_6.png]]></CopyFromImagePath>
			<CopyToImagePath><![CDATA[/fahongbao/fahongbao_27.png]]></CopyToImagePath>
		</EmoticonLensResouceCompreItem>
		<EmoticonLensResouceCompreItem>
			<CopyFromImagePath><![CDATA[/fahongbao/fahongbao_7.png]]></CopyFromImagePath>
			<CopyToImagePath><![CDATA[/fahongbao/fahongbao_28.png]]></CopyToImagePath>
		</EmoticonLensResouceCompreItem>
		<EmoticonLensResouceCompreItem>
			<CopyFromImagePath><![CDATA[/fahongbao/fahongbao_8.png]]></CopyFromImagePath>
			<CopyToImagePath><![CDATA[/fahongbao/fahongbao_29.png]]></CopyToImagePath>
		</EmoticonLensResouceCompreItem>
	</EmoticonLensResouceCompreList>
</ResouceCompreConfig>