<?xml version="1.0" encoding="utf-8"?>
<!-- 
  item:主要有二种 /::| /ue436
-->
<emoji-panel> 
  <item><![CDATA[/::)]]></item>  
  <item><![CDATA[/::~]]></item>  
  <item><![CDATA[/::B]]></item>  
  <item><![CDATA[/::|]]></item>  
  <item><![CDATA[/:8-)]]></item>  
  <item><![CDATA[/::<]]></item>  
  <item><![CDATA[/::$]]></item>  
  <item><![CDATA[/::X]]></item>  
  <item><![CDATA[/::Z]]></item>  
  <item><![CDATA[/::'(]]></item>  
  <item><![CDATA[/::-|]]></item>  
  <item><![CDATA[/::@]]></item>  
  <item><![CDATA[/::P]]></item>  
  <item><![CDATA[/::D]]></item>  
  <item><![CDATA[/::O]]></item>  
  <item><![CDATA[/::(]]></item>  
  <item><![CDATA[[Blush]]]></item>  
  <item><![CDATA[/::Q]]></item>  
  <item><![CDATA[/::T]]></item>  
  <item><![CDATA[/:,@P]]></item>  
  <item><![CDATA[/:,@-D]]></item>  
  <item><![CDATA[/::d]]></item>  
  <item><![CDATA[/:,@o]]></item>  
  <item><![CDATA[/:|-)]]></item>  
  <item><![CDATA[/::!]]></item>  
  <item><![CDATA[/::L]]></item>  
  <item><![CDATA[/::>]]></item>  
  <item><![CDATA[/::,@]]></item>  
  <item><![CDATA[/:,@f]]></item>  
  <item><![CDATA[/::-S]]></item>  
  <item><![CDATA[/:?]]></item>  
  <item><![CDATA[/:,@x]]></item>  
  <item><![CDATA[/:,@@]]></item>  
  <item><![CDATA[/:,@!]]></item>  
  <item><![CDATA[/:!!!]]></item>  
  <item><![CDATA[/:xx]]></item>  
  <item><![CDATA[[Bye]]]></item>
  <item><![CDATA[/:wipe]]></item>  
  <item><![CDATA[/:dig]]></item>  
  <item><![CDATA[/:handclap]]></item>  
  <item><![CDATA[/:B-)]]></item>  
  <item><![CDATA[/:<@]]></item>  
  <item><![CDATA[/:@>]]></item>  
  <item><![CDATA[/::-O]]></item>  
  <item><![CDATA[/:>-|]]></item>  
  <item><![CDATA[/:P-(]]></item>  
  <item><![CDATA[/::'|]]></item>  
  <item><![CDATA[/:X-)]]></item>  
  <item><![CDATA[/::*]]></item>  
  <item><![CDATA[/:8*]]></item>  
  <item><![CDATA[/:pd]]></item>  
  <item><![CDATA[/:<W>]]></item>  
  <item><![CDATA[/:beer]]></item>  
  <item><![CDATA[/:coffee]]></item>  
  <item><![CDATA[/:pig]]></item>  
  <item><![CDATA[/:rose]]></item>  
  <item><![CDATA[/:fade]]></item>  
  <item><![CDATA[/:showlove]]></item>  
  <item><![CDATA[/:heart]]></item>  
  <item><![CDATA[/:break]]></item>  
  <item><![CDATA[/:cake]]></item>  
  <item><![CDATA[/:bome]]></item>  
  <item><![CDATA[/:shit]]></item>  
  <item><![CDATA[/:moon]]></item>  
  <item><![CDATA[/:sun]]></item>  
  <item><![CDATA[/:hug]]></item>  
  <item><![CDATA[/:strong]]></item>  
  <item><![CDATA[/:weak]]></item>  
  <item><![CDATA[/:share]]></item>  
  <item><![CDATA[/:v]]></item>  
  <item><![CDATA[[Salute]]]></item>  
  <item><![CDATA[/:jj]]></item>  
  <item><![CDATA[/:@@]]></item>  
  <item><![CDATA[/:ok]]></item>  
  <item><![CDATA[/:jump]]></item>  
  <item><![CDATA[/:shake]]></item>  
  <item><![CDATA[/:<O>]]></item>  
  <item><![CDATA[/:circle]]></item>  
  <item><![CDATA[8J+YhA==]]></item>
  <item><![CDATA[8J+Ytw==]]></item>
  <item><![CDATA[8J+Ygg==]]></item>
  <item><![CDATA[8J+YnQ==]]></item>
  <item><![CDATA[8J+Ysw==]]></item>
  <item><![CDATA[8J+YsQ==]]></item>
  <item><![CDATA[8J+YlA==]]></item>
  <item><![CDATA[8J+Ykg==]]></item>
  
  <item><![CDATA[[Hey]]]></item>
  <item><![CDATA[[Facepalm]]]></item>
  <item><![CDATA[[Smirk]]]></item>
  <item><![CDATA[[Smart]]]></item>
  <item><![CDATA[[Concerned]]]></item>
  <item><![CDATA[[Yeah!]]]></item>
  
  <item zh_CN="翻白眼" zh_TW="翻白眼" en="Roll Eyes" default="Roll Eyes"><![CDATA[8J+ZhA==]]></item><!-- baiyan -->
  <item zh_CN="转脸笑" zh_TW="反轉笑臉" en="Upside-down" default="Upside-down"><![CDATA[8J+Zgw==]]></item><!-- upsidedown -->
  <item zh_CN="受不了" zh_TW="受不了" en="Unbearable" default="Unbearable"><![CDATA[8J+YqQ==]]></item><!-- shoubuliao -->
  <item zh_CN="我想想" zh_TW="我想想" en="Thinking" default="Thinking"><![CDATA[8J+klA==]]></item><!-- think -->
  <item zh_CN="黑脸" zh_TW="黑臉" en="Dark Face" default="Dark Face"><![CDATA[8J+Mmg==]]></item><!-- DarkFace -->
  
  <item><![CDATA[8J+Ruw==]]></item><!-- ghost -->
  
  <item zh_CN="捂眼" zh_TW="捂眼" en="Don't See" default="Don't See"><![CDATA[8J+ZiA==]]></item><!-- monkey -->
  
  <item><![CDATA[8J+Zjw==]]></item>
  <item><![CDATA[8J+Sqg==]]></item>
  
  <item zh_CN="击拳" zh_TW="擊拳" en="Fist Bump" default="Fist Bump"><![CDATA[8J+Rig==]]></item><!-- fist -->
  <item zh_CN="击掌" zh_TW="擊掌" en="High-five" default="High-five"><![CDATA[8J+ZjA==]]></item><!-- highfive -->
  <item zh_CN="满分" zh_TW="100分" en="100" default="100"><![CDATA[8J+Srw==]]></item><!-- 100 -->
  <item zh_CN="跳舞" zh_TW="跳舞" en="Dance" default="Dance"><![CDATA[8J+Sgw==]]></item><!-- dance -->
  <item zh_CN="干杯" zh_TW="乾杯" en="Cheers" default="Cheers"><![CDATA[8J+Nuw==]]></item><!-- ganbei -->
  
  <item><![CDATA[8J+OiQ==]]></item><!-- SWITCHED -->
  <item><![CDATA[8J+OgQ==]]></item>
  
  <item><![CDATA[[Packet]]]></item>
  <item><![CDATA[[Candle]]]></item>
</emoji-panel>