<?xml version="1.0" encoding="utf-8"?>
<!-- 
	item:主要有二种 /::| /ue436
-->
<emoji-panel> 
  <item><![CDATA[/::)]]></item>  
  <item><![CDATA[/::~]]></item>  
  <item><![CDATA[/::B]]></item>  
  <item><![CDATA[/::|]]></item>  
  <item><![CDATA[/:8-)]]></item>  
  <item><![CDATA[/::<]]></item>  
  <item><![CDATA[/::$]]></item>  
  <item><![CDATA[/::X]]></item>  
  <item><![CDATA[/::Z]]></item>  
  <item><![CDATA[/::'(]]></item>  
  <item><![CDATA[/::-|]]></item>  
  <item><![CDATA[/::@]]></item>  
  <item><![CDATA[/::P]]></item>  
  <item><![CDATA[/::D]]></item>  
  <item><![CDATA[/::O]]></item>  
  <item><![CDATA[/::(]]></item>  
  <item><![CDATA[[Blush]]]></item>
  <item><![CDATA[/::Q]]></item>  
  <item><![CDATA[/::T]]></item>  
  <item><![CDATA[/:,@P]]></item>  
  <item><![CDATA[/:,@-D]]></item>  
  <item><![CDATA[/::d]]></item>  
  <item><![CDATA[/:,@o]]></item>  
  <item><![CDATA[/:|-)]]></item>  
  <item><![CDATA[/::!]]></item>  
  <item><![CDATA[/::L]]></item>  
  <item><![CDATA[/::>]]></item>  
  <item><![CDATA[/::,@]]></item>  
  <item><![CDATA[/:,@f]]></item>  
  <item><![CDATA[/::-S]]></item>  
  <item><![CDATA[/:?]]></item>  
  <item><![CDATA[/:,@x]]></item>  
  <item><![CDATA[/:,@@]]></item>  
  <item><![CDATA[/:,@!]]></item>  
  <item><![CDATA[/:!!!]]></item>  
  <item><![CDATA[/:xx]]></item>  
  <item><![CDATA[[Bye]]]></item>
  <item><![CDATA[/:wipe]]></item>  
  <item><![CDATA[/:dig]]></item>  
  <item><![CDATA[/:handclap]]></item>  
  <item><![CDATA[/:B-)]]></item>  
  <item><![CDATA[/:<@]]></item>  
  <item><![CDATA[/:@>]]></item>  
  <item><![CDATA[/::-O]]></item>  
  <item><![CDATA[/:>-|]]></item>  
  <item><![CDATA[/:P-(]]></item>  
  <item><![CDATA[/::'|]]></item>  
  <item><![CDATA[/:X-)]]></item>  
  <item><![CDATA[/::*]]></item>  
  <item><![CDATA[/:8*]]></item>  
  <item><![CDATA[/:pd]]></item>  
  <item><![CDATA[/:<W>]]></item>  
  <item><![CDATA[/:beer]]></item>  
  <item><![CDATA[/:coffee]]></item>  
  <item><![CDATA[/:pig]]></item>  
  <item><![CDATA[/:rose]]></item>  
  <item><![CDATA[/:fade]]></item>  
  <item><![CDATA[/:showlove]]></item>  
  <item><![CDATA[/:heart]]></item>  
  <item><![CDATA[/:break]]></item>  
  <item><![CDATA[/:cake]]></item>  
  <item><![CDATA[/:bome]]></item>  
  <item><![CDATA[/:shit]]></item>  
  <item><![CDATA[/:moon]]></item>  
  <item><![CDATA[/:sun]]></item>  
  <item><![CDATA[/:hug]]></item>  
  <item><![CDATA[/:strong]]></item>  
  <item><![CDATA[/:weak]]></item>  
  <item><![CDATA[/:share]]></item>  
  <item><![CDATA[/:v]]></item>  
  <item><![CDATA[[Salute]]]></item>
  <item><![CDATA[/:jj]]></item>  
  <item><![CDATA[/:@@]]></item>  
  <item><![CDATA[/:ok]]></item>  
  <item><![CDATA[/:jump]]></item>  
  <item><![CDATA[/:shake]]></item>  
  <item><![CDATA[/:<O>]]></item>  
  <item><![CDATA[/:circle]]></item>  
  <item><![CDATA[8J+YhA==]]></item>
  <item><![CDATA[8J+Ytw==]]></item>
  <item><![CDATA[8J+Ygg==]]></item>
  <item><![CDATA[8J+YnQ==]]></item>
  <item><![CDATA[8J+Ysw==]]></item>
  <item><![CDATA[8J+YsQ==]]></item>
  <item><![CDATA[8J+YlA==]]></item>
  <item><![CDATA[8J+Ykg==]]></item>
  
  <item><![CDATA[[Hey]]]></item>
  <item><![CDATA[[Facepalm]]]></item>
  <item><![CDATA[[Smirk]]]></item>
  <item><![CDATA[[Smart]]]></item>
  <item><![CDATA[[Concerned]]]></item>
  <item><![CDATA[[Yeah!]]]></item>
  
  <item><![CDATA[8J+Ruw==]]></item><!-- ghost -->
  <item><![CDATA[8J+Zjw==]]></item>
  <item><![CDATA[8J+Sqg==]]></item>
  <item><![CDATA[8J+OiQ==]]></item><!-- SWITCHED -->
  <item><![CDATA[8J+OgQ==]]></item>
  
  <item><![CDATA[[Packet]]]></item>
  <item><![CDATA[[Rich]]]></item>
  <item><![CDATA[[Pup]]]></item>
</emoji-panel>