<?xml version="1.0" encoding="utf-8"?>

<newemoji> 
	<emoji> 
    <key><![CDATA[[Smirk]]]></key>  
    <cn-value><![CDATA[[奸笑]]]></cn-value>  
    <qq-value><![CDATA[[奸笑]]]></qq-value>  
    <en-value><![CDATA[[Smirk]]]></en-value>  
    <tw-value><![CDATA[[奸笑]]]></tw-value>  
    <th-value><![CDATA[[Smirk]]]></th-value>  
    <fileName>2_02.png</fileName>  
    <eggIndex>2002</eggIndex> 
  </emoji>  
  <emoji> 
    <key><![CDATA[[Hey]]]></key>  
    <cn-value><![CDATA[[嘿哈]]]></cn-value>  
    <qq-value><![CDATA[[嘿哈]]]></qq-value>  
    <en-value><![CDATA[[Hey]]]></en-value>  
    <tw-value><![CDATA[[吼嘿]]]></tw-value>  
    <th-value><![CDATA[[Hey]]]></th-value>  
    <fileName>2_04.png</fileName>  
    <eggIndex>2004</eggIndex> 
  </emoji>  
  <emoji> 
    <key><![CDATA[[Facepalm]]]></key>  
    <cn-value><![CDATA[[捂脸]]]></cn-value>  
    <qq-value><![CDATA[[捂脸]]]></qq-value>  
    <en-value><![CDATA[[Facepalm]]]></en-value>  
    <tw-value><![CDATA[[掩面]]]></tw-value>  
    <th-value><![CDATA[[Facepalm]]]></th-value>  
    <fileName>2_05.png</fileName>  
    <eggIndex>2005</eggIndex> 
  </emoji>  
  <emoji> 
    <key><![CDATA[[Smart]]]></key>  
    <cn-value><![CDATA[[机智]]]></cn-value>  
    <qq-value><![CDATA[[机智]]]></qq-value>  
    <en-value><![CDATA[[Smart]]]></en-value>  
    <tw-value><![CDATA[[機智]]]></tw-value>  
    <th-value><![CDATA[[Smart]]]></th-value>  
    <fileName>2_06.png</fileName>  
    <eggIndex>2006</eggIndex> 
  </emoji>  
  <emoji> 
    <key><![CDATA[[Tea]]]></key>  
    <cn-value><![CDATA[[茶]]]></cn-value>  
    <qq-value><![CDATA[[茶]]]></qq-value>  
    <en-value><![CDATA[[Tea]]]></en-value>  
    <tw-value><![CDATA[[茶]]]></tw-value>  
    <th-value><![CDATA[[Tea]]]></th-value>  
    <fileName>2_07.png</fileName>  
    <eggIndex>2007</eggIndex> 
  </emoji>  
  <emoji> 
    <key><![CDATA[[Packet]]]></key>
    <cn-value><![CDATA[[红包]]]></cn-value>  
    <qq-value><![CDATA[[红包]]]></qq-value>  
    <en-value><![CDATA[[Packet]]]></en-value>  
    <tw-value><![CDATA[[Packet]]]></tw-value>
    <th-value><![CDATA[[Packet]]]></th-value>  
    <fileName>2_09.png</fileName>  
    <eggIndex>2009</eggIndex> 
  </emoji>  
  <emoji> 
    <key><![CDATA[[Candle]]]></key>
    <cn-value><![CDATA[[蜡烛]]]></cn-value>  
    <qq-value><![CDATA[[蜡烛]]]></qq-value>  
    <en-value><![CDATA[[Candle]]]></en-value>  
    <tw-value><![CDATA[[蠟燭]]]></tw-value>
    <th-value><![CDATA[[Candle]]]></th-value>  
    <fileName>2_10.png</fileName>  
    <eggIndex>2010</eggIndex> 
  </emoji>  
  <emoji> 
    <key><![CDATA[[Yeah!]]]></key>
    <cn-value><![CDATA[[耶]]]></cn-value>  
    <qq-value><![CDATA[[耶]]]></qq-value>  
    <en-value><![CDATA[[Yeah!]]]></en-value>  
    <tw-value><![CDATA[[歐耶]]]></tw-value>
    <th-value><![CDATA[[Yeah!]]]></th-value>  
    <fileName>2_11.png</fileName>  
    <eggIndex>2011</eggIndex> 
  </emoji>  
  <emoji> 
    <key><![CDATA[[Moue]]]></key>
    <cn-value><![CDATA[[皱眉]]]></cn-value>  
    <qq-value><![CDATA[[皱眉]]]></qq-value>  
    <en-value><![CDATA[[Moue]]]></en-value>  
    <tw-value><![CDATA[[皺眉]]]></tw-value>
    <th-value><![CDATA[[Moue]]]></th-value>  
    <fileName>2_12.png</fileName>  
    <eggIndex>2012</eggIndex> 
  </emoji>  
  <emoji> 
    <key><![CDATA[[Blush]]]></key>  
    <cn-value><![CDATA[[囧]]]></cn-value>  
    <qq-value><![CDATA[[囧]]]></qq-value>  
    <en-value><![CDATA[[Blush]]]></en-value>  
    <tw-value><![CDATA[[囧]]]></tw-value>  
    <th-value><![CDATA[[Blush]]]></th-value>  
    <fileName>smiley_17b.png</fileName>  
    <eggIndex>2013</eggIndex> 
  </emoji>  
  <emoji> 
    <key><![CDATA[[Salute]]]></key>  
    <cn-value><![CDATA[[抱拳]]]></cn-value>  
    <qq-value><![CDATA[[抱拳]]]></qq-value>  
    <en-value><![CDATA[[Salute]]]></en-value>  
    <tw-value><![CDATA[[抱拳]]]></tw-value>  
    <th-value><![CDATA[[Salute]]]></th-value>  
    <fileName>smiley_83b.png</fileName>  
    <eggIndex>2014</eggIndex> 
  </emoji>  
  <emoji> 
    <key><![CDATA[[Chick]]]></key>  
    <cn-value><![CDATA[[鸡]]]></cn-value>  
    <qq-value><![CDATA[[鸡]]]></qq-value>  
    <en-value><![CDATA[[Chick]]]></en-value>  
    <tw-value><![CDATA[[小雞]]]></tw-value>  
    <th-value><![CDATA[[Chick]]]></th-value>  
    <fileName>2_14.png</fileName>  
    <eggIndex>2015</eggIndex> 
  </emoji>  
  <emoji> 
    <key><![CDATA[[Blessing]]]></key>  
    <cn-value><![CDATA[[福]]]></cn-value>  
    <qq-value><![CDATA[[福]]]></qq-value>  
    <en-value><![CDATA[[Blessing]]]></en-value>  
    <tw-value><![CDATA[[福]]]></tw-value>  
    <th-value><![CDATA[[Blessing]]]></th-value>  
    <fileName>2_15.png</fileName>  
    <eggIndex>2016</eggIndex> 
  </emoji>  
  <emoji> 
    <key><![CDATA[[Bye]]]></key>  
    <cn-value><![CDATA[[再见]]]></cn-value>  
    <qq-value><![CDATA[[再见]]]></qq-value>  
    <en-value><![CDATA[[Bye]]]></en-value>  
    <tw-value><![CDATA[[再見]]]></tw-value>  
    <th-value><![CDATA[[Bye]]]></th-value>  
    <fileName>smiley_39b.png</fileName>  
    <eggIndex>2017</eggIndex> 
  </emoji>  
  <emoji> 
    <key><![CDATA[[Concerned]]]></key>
    <cn-value><![CDATA[[皱眉]]]></cn-value>  
    <qq-value><![CDATA[[皱眉]]]></qq-value>  
    <en-value><![CDATA[[Concerned]]]></en-value>  
    <tw-value><![CDATA[[皺眉]]]></tw-value>
    <th-value><![CDATA[[Concerned]]]></th-value>  
    <fileName>2_12.png</fileName>  
    <eggIndex>2018</eggIndex> 
  </emoji>  
  <emoji> 
    <key><![CDATA[[Rich]]]></key>
    <cn-value><![CDATA[[發]]]></cn-value>  
    <qq-value><![CDATA[[發]]]></qq-value>  
    <en-value><![CDATA[[Rich]]]></en-value>  
    <tw-value><![CDATA[[發]]]></tw-value>
    <th-value><![CDATA[[Rich]]]></th-value>  
    <fileName>2_16.png</fileName>  
    <eggIndex>2019</eggIndex> 
  </emoji>  
  <emoji> 
    <key><![CDATA[[Pup]]]></key>
    <cn-value><![CDATA[[小狗]]]></cn-value>  
    <qq-value><![CDATA[[小狗]]]></qq-value>  
    <en-value><![CDATA[[Pup]]]></en-value>  
    <tw-value><![CDATA[[小狗]]]></tw-value>
    <th-value><![CDATA[[Pup]]]></th-value>  
    <fileName>2_17.png</fileName>  
    <eggIndex>2020</eggIndex> 
  </emoji>  
</newemoji>