<ResouceFileConfig>
	<ResouceFileVersion>1</ResouceFileVersion>
	<EmoticonLensResouceFileList>
		<EmoticonLensResouceItemFile><![CDATA[/video_gongxifacai.png]]></EmoticonLensResouceItemFile>
		<EmoticonLensResouceItemFile><![CDATA[/Icons_tips_gesture_Clenchfist1@2x.png]]></EmoticonLensResouceItemFile>
		<EmoticonLensResouceItemFile><![CDATA[/Icons_tips_gesture_Clenchfist1@3x.png]]></EmoticonLensResouceItemFile>
		<EmoticonLensResouceItemFile><![CDATA[/Icons_tips_gesture_Clenchfist2@3x.png]]></EmoticonLensResouceItemFile>
		<EmoticonLensResouceItemFile><![CDATA[/Icons_tips_gesture_Clenchfist2@2x.png]]></EmoticonLensResouceItemFile>
	</EmoticonLensResouceFileList>
</ResouceFileConfig>